,A,B,C,D
2000-01-01,-0.8993030705918208,-0.30977387848148974,3.1483871327122417,-0.5305892771877273
2000-01-02,-0.049603666223521005,-0.40697181732642507,0.20772601693850226,-0.6899330720045782
2000-01-03,-1.3080280357021397,0.5104849006953027,1.2091135014254022,-0.837071721360945
2000-01-04,0.6846991918582668,-1.445514802587936,1.029845130039235,-1.3181010592591285
2000-01-05,-0.32960730811615807,1.760550781697294,-1.174883440122919,0.33970556473324176
2000-01-06,0.3638894248546434,0.05455237972355106,-0.018496692941022984,-0.6410825003482475
2000-01-07,-1.0918247942881711,-0.01643708481051871,1.43815506089763,0.5496542238776863
2000-01-08,-2.0330525599082785,0.3659399793304357,-0.8581493972877096,0.7440942791632803
2000-01-09,-1.8226758755067975,0.08966402654959872,0.9757838642957811,0.5329128098990296
2000-01-10,2.1023845909562544,0.7089192745542116,1.1428411441584896,0.27562328742888426
2000-01-11,0.0747767805197643,0.5092763496084977,-1.8005350989101434,0.18630975546830114
2000-01-12,-0.033959084315899904,0.4260793886456986,0.2918726994779527,1.2638780076743796
2000-01-13,1.0474234187946456,-0.2702349601276422,-0.10508289004987563,0.3953533654871498
2000-01-14,0.14824455379351487,-0.5463186233717453,-0.3337990130687405,-1.0557297431943855
2000-01-15,-0.12940092586371388,-1.1450143893625309,-0.02639626064867597,1.8128073089158687
2000-01-16,-1.9513704283093851,0.9438920998383358,-0.8357004163681475,-1.2053137177883504
2000-01-17,1.3629459780658233,0.5330951605569048,-0.7162035587491381,-0.6109399592171494
2000-01-18,-0.6161763195141856,-1.2821762675758526,1.0593725613741423,1.0846648864433905
2000-01-19,0.12631646157129303,1.6570690069499516,1.5176608478006155,0.41715292810934307
2000-01-20,1.0400781982520346,1.3024798050659872,-1.4112229377054417,-0.06182351849488252
2000-01-21,-0.9591527090026372,0.5469903915488017,0.8905910101289105,0.9143385413188007
2000-01-22,-0.8332247210797002,0.6644641633156525,-1.4641514425108078,0.4755113977881932
2000-01-23,-1.4967807545109386,-0.8336675592070635,-1.9259387417071738,0.07775683735446103
2000-01-24,-1.4681748282326705,-0.2122926010877956,-0.6626492188002342,1.30167545309825
2000-01-25,-0.6093470916699508,0.7643998095190522,-0.3139266974644532,0.8351149856743877
2000-01-26,-0.08644625484880587,-0.4123421976883422,-2.7779408721245016,1.3487884625370148
2000-01-27,1.1356735758102574,-1.788639810854073,-0.6167479714385925,0.3269787057378279
2000-01-28,-0.39986286319463293,1.3260615752580496,0.5597776814357664,-0.8177309966716777
2000-01-29,-1.6319108215879574,-0.3686161601504473,-2.104393232664344,-0.6778362340555176
2000-01-30,0.4352119718431,-0.3146533115847833,1.4197512315521903,-0.22149641204517262
2000-01-31,-0.4305484057779219,0.035551604589743345,0.46296695200240223,-1.207101949871875
2000-02-01,-1.10776541527668,-1.2073877366714663,0.46692990436911974,-1.1655589254457432
2000-02-02,0.8767353834376874,1.5881772669387775,0.2548328651314439,0.22555002876024408
2000-02-03,-0.7675127222904148,-1.4007744123434807,-0.9987880263494452,1.5613934104652765
2000-02-04,-1.4711276887302225,-0.24079264630477723,-0.01340842190784144,-0.36198234330940493
2000-02-05,2.13928029417226,-0.015864485759349754,-1.2349602914069675,-0.36389363172698236
2000-02-06,0.7399304975673086,0.22186514330921836,-0.1269429296775833,0.30151137633824354
2000-02-07,1.0201336019671718,0.5175909121262839,-0.0642456148577707,-0.8700615066457494
2000-02-08,0.6505236682925517,1.6749348032447917,-0.6597352212453022,0.7798649731609403
2000-02-09,-0.3791948212416808,0.9537264701793813,1.0476437324688797,0.35175852795398194
2000-02-10,-0.6587596305157932,-1.4652763909791555,-3.5232508556949034,1.511555242437757
2000-02-11,-0.23132544682291278,0.8832435931997974,1.7096322889313313,1.2862317219934043
2000-02-12,-0.3091468657311929,1.4445462397329918,-0.1541626761294159,-0.24340074804131206
2000-02-13,-1.2177401365275358,0.9916462199783397,0.9806063196791722,-0.16666313984626432
2000-02-14,-0.9935499612954691,-0.9758775841915223,1.4635086799280455,0.3903551851941731
2000-02-15,0.4678329935313438,0.5103500082149253,1.6000747126528436,-1.870332065365123
2000-02-16,0.6973289881219594,-0.7378867210736605,-1.9590280242194495,0.4795185122142263
2000-02-17,-1.808029520402634,0.09654138271777735,0.17375343818336034,0.06435704078965765
2000-02-18,0.46665204815652456,-0.1052190490535843,-0.6340432862311021,1.2789673926428662
2000-02-19,0.8732411812511195,0.18489241068816323,1.5332043265153297,-0.3531841061699614
2000-02-20,-1.3344395712041803,1.0040434512680974,0.7136426992750846,-1.6600320000167328
2000-02-21,-0.6020581388948473,0.6045242037248368,-0.24720510969121842,0.2889624419079554
2000-02-22,0.5278273004869585,-1.0262296552419474,0.2823869680485353,0.015318792914579967
2000-02-23,-0.683501393461231,1.3669046666894455,-0.25503975355138003,1.3400199250741591
2000-02-24,2.322308475385095,1.0809208914454949,0.5706723556017422,1.1757452219316897
2000-02-25,0.7991751733598134,0.4950667267536345,-1.1256238872064257,1.2416778250068126
2000-02-26,-1.682558533333237,-0.19412659502695712,-0.6684492743069269,1.7429138045180672
2000-02-27,-0.6969363139663459,-1.1867350059761155,-0.7951733708263979,2.2643930466853304
2000-02-28,-0.10533479019879811,-1.0725506943774457,-0.6024198858474644,0.04592285522592582
2000-02-29,-0.7584777759340842,0.609309196713184,-1.7228155765549724,0.6400375893525289
2000-03-01,0.10884052183981244,0.4703067926751636,3.299093583441736,-1.647401112786264
2000-03-02,-1.0326459731283115,1.0430749427023802,-0.9666936392960416,1.266456829361075
2000-03-03,-0.715697715513854,0.17398900699391825,0.9052111415194223,1.6904437623361719
2000-03-04,-0.6995253061173077,-0.5078671954081805,0.3110779740028591,-0.8321665641047022
2000-03-05,-0.4198883982084804,0.8553390980803481,0.9905106643981677,0.7327285365607141
2000-03-06,-0.24950450261546295,-0.7023842685185663,0.5708567483185627,0.9627638884788113
2000-03-07,0.11439171117555028,-0.5727410616001836,-1.8393550457453813,1.3098246425486746
2000-03-08,-1.6928408753761157,0.7045092685614993,1.3460715473295013,-0.26413438417925006
2000-03-09,1.0436907902029289,0.9338831035096872,0.8798905222988633,-0.025409939951998577
2000-03-10,-0.8663326241203353,0.6796463550130261,-1.1402088368340424,-0.6982995289398961
2000-03-11,1.010576715208259,0.17838995239058816,1.0165729278643987,1.2725018949215317
2000-03-12,1.2106574247324806,0.7884672958392788,0.8536494201130178,1.2369995405032932
2000-03-13,-0.9445056122957514,0.701306095011263,0.1780718271684281,-0.5159275989061933
2000-03-14,-0.29481826366896263,-0.22780667541911287,0.030696329026440584,0.24211525165246886
2000-03-15,0.41031708230051944,0.5717231138278074,1.1850784942974906,0.7423881435268047
2000-03-16,-0.868725835768483,1.1805947905894658,-1.0520743932637049,-0.816233458114922
2000-03-17,1.1514104186140564,1.5916400582004882,0.01658606253170498,-0.4488852683015769
2000-03-18,-0.5642806899658304,1.045145667246348,0.21654665901801098,-1.65753925112877
2000-03-19,0.5604991772130633,-0.9602816383665052,1.2833696559968437,0.04042495010649861
2000-03-20,-0.10954293894519097,0.5113799699262265,1.4651625694505122,-1.1058177603706723
2000-03-21,-0.0859985576049732,-0.09482055136944954,-0.8657325228432966,0.598192367037594
2000-03-22,1.268778622399707,0.07944933662582812,-1.3804217204518932,1.096335291733061
2000-03-23,-0.15107189279086786,1.3196870606292874,1.0810178840267706,0.14103880427463744
2000-03-24,-2.614634096055786,1.1835345463783709,1.136484522385073,0.3633568537472389
2000-03-25,-0.22644959982167392,0.15107943167646798,0.7360294010453997,-0.4205511822182951
2000-03-26,-1.300197893794658,0.5359967988467386,0.2960136162944238,-0.27174948489168416
2000-03-27,-1.0547524801329178,-0.2898479053380083,0.09987553369516002,-0.8118257854100942
2000-03-28,-0.09366968549392297,-0.3942481176511963,1.656464869691711,-0.8034554241642451
2000-03-29,-0.4978801285075444,-1.2975857356837857,-1.09648369274459,0.5261728450464749
2000-03-30,-0.30707372539759775,1.0458749181466362,-1.2980335354449852,-1.412374387481954
2000-03-31,-1.5828044476594592,-0.9448368329071777,-2.068172335260905,0.12286296305638714
2000-04-01,-0.6214460778060362,-0.3708354684659709,2.235234889391159,-1.9954175140287045
2000-04-02,-0.8925698124363359,0.8028775832658527,-0.6835039568184181,-0.2257319336182641
2000-04-03,1.8412223251924698,-0.980674889509532,-0.38129293400230246,2.02201226866759
2000-04-04,-0.4307622648033493,0.5174560049663293,0.7661604623117868,0.5246455643266199
2000-04-05,-0.547825340434884,-0.5719312063034336,0.3463705971284907,-1.4786088470559808
2000-04-06,-1.054984855855864,0.03682291613107508,-0.43582439422398095,0.49580081871546827
2000-04-07,-0.2422174445293779,-2.3933772044119044,-1.675003633532485,1.032104416159524
2000-04-08,-0.32475560704941864,1.8268572911450982,0.009286131732743914,-1.5057096327560682
2000-04-09,-0.6632389254890488,1.6423898434674318,0.5698587346195084,0.42960988823166196
2000-04-10,1.2212538675905549,0.6704240566786881,0.24561304917226245,-0.7839105771673781
2000-04-11,0.3157317133378988,0.7133274411848137,-0.7850002462837813,-2.5030096507116197
2000-04-12,0.0891201943965831,0.8897781728649917,-1.2360717265468966,2.3616450499680215
2000-04-13,0.00847709371081853,-0.35295963663707425,-0.49515902985127525,0.12377366235787796
2000-04-14,-0.6159511835562975,-0.298784570242454,0.8618714790706742,0.1441553230209969
2000-04-15,-0.1408135870003901,-0.06318783738228562,-1.0454164963865975,-1.8740729385868888
2000-04-16,-0.25896843195693303,0.9964440601733389,-1.2991997621030562,-0.549997902630107
2000-04-17,0.27283072956988236,-0.5635148525171338,-0.3913300493996938,-0.982297452754677
2000-04-18,1.3861152502782617,-0.7868550377512753,0.5599710065730692,1.1999196642325543
2000-04-19,-0.9520318556967743,-0.822363943891375,-0.2010253182033228,-1.3059210431907202
2000-04-20,2.0404071828830723,-2.069806273861331,-0.06538279529819273,-0.9952151946705599
2000-04-21,-1.4159354110198652,0.21480807013239359,-1.231760907065874,0.6512540585249649
2000-04-22,0.872134245459705,-0.8358792652392054,1.4683197509329022,-0.07568850804259226
2000-04-23,1.116744513798182,-0.018867906891380765,-0.23065960531148533,-0.17965255326058457
2000-04-24,-0.7386152919604219,-2.2800852061305124,0.2877553180032055,0.9491736386878541
2000-04-25,1.9176303344852839,-0.025452401920732896,-1.0454979130451758,0.3198176523474265
2000-04-26,-1.924173310045461,-0.31392926105734437,-1.256208619359592,1.8456107121298662
2000-04-27,0.3813466676752178,1.109016051724507,-0.45409700548351034,-0.09576343746261287
2000-04-28,0.371422057924757,-0.21664716136004541,0.4657424599231863,-0.22758638460520225
2000-04-29,0.8363099157557466,-0.6404427246954869,0.6965354125842629,-1.3838729938924808
2000-04-30,-0.6784400554665445,0.03333553490104709,-0.37753479569598525,-1.1346356872033336
2000-05-01,0.6988956286701387,-0.4140297014580916,0.2283160163979635,2.175636906203302
2000-05-02,1.8875463461381183,-0.8426013392705938,-0.861429475979403,-0.029238565942613908
2000-05-03,1.373211349095409,0.84568169763416,1.0194398513165712,-0.28827814995541495
2000-05-04,-1.732409666339621,1.0286364241843897,-0.4127710692787294,-1.433231811403363
2000-05-05,1.922004468453844,0.5387525451431167,-2.189572685074806,0.22119549162679447
2000-05-06,-0.3242867651092979,0.4009891463232627,0.3511444969312636,-0.6483671960518587
2000-05-07,0.2952217602229301,0.09791792027523576,0.09409081900188317,-0.2621293297835312
2000-05-08,0.49229054796377986,-0.9041352922133638,-1.0094102533214446,0.033384261944035605
2000-05-09,0.8480070952410454,0.8529495105033651,-1.1150680574191258,0.24955074434663607
2000-05-10,-0.1998244899066407,0.9148276331179017,-0.28514693376212413,-1.386741098370407
2000-05-11,-1.4918027354936676,-0.21545299707713206,-0.5200028198451435,0.22139279772985046
2000-05-12,0.6226073260700998,-0.5967175400969172,-0.04795684661548192,1.1375848356326332
2000-05-13,-0.04273122168207816,0.3895318531138285,0.6860327386771868,0.9020433776957503
2000-05-14,0.04833197588311423,-0.7159369507255338,-0.4472895636732485,1.7585958377620272
2000-05-15,-0.9804836770930907,1.8493760312271508,0.8102238932126815,0.8841320549621572
2000-05-16,1.205360892813487,-2.0995228716144685,1.201625819558832,-1.0999006074773474
2000-05-17,-0.2690797741430894,-0.5755601509635628,-0.45728059193791,-0.23854616109563756
2000-05-18,-0.2986949881533193,-2.4139241971783414,1.6575625634558686,-0.4648414136450284
2000-05-19,-0.5800161154747756,-1.2065753432163213,-0.8467504675807956,1.2698129806649194
2000-05-20,-0.9386194431307063,0.03818428501959749,-0.1246951781300832,0.05943194039118876
2000-05-21,0.4798694621054039,-1.2084834581017387,1.6036889546115354,-0.0008088395726842708
2000-05-22,0.8250030719917546,-0.19673454657897105,2.7946586778711873,0.25018378492117005
2000-05-23,-0.215451044992079,1.0997363982923294,-0.5503982635612205,0.7272758940726997
2000-05-24,-2.0126929939209197,1.6475769738858788,0.33306738440436773,-1.79184537658023
2000-05-25,-0.4958378503326549,1.2776033363817751,0.3038768350433812,1.999327316317096
2000-05-26,-0.23002105186791388,0.8329908269419799,-0.8402705962483195,-0.6224732777899702
2000-05-27,-0.9444143359244409,1.8012486615036782,-0.08639169802415075,-1.8935060501177385
2000-05-28,0.26235816021931974,0.716682189252182,0.5413893694150061,0.9327680544070512
2000-05-29,1.2178315176837429,-1.529773732340305,1.0749604424077013,0.1393737234154947
2000-05-30,0.04471674805365797,0.26514306290552814,-0.15078227949470763,1.0026343321117182
2000-05-31,0.3886932564100678,0.4908040330617136,0.7061244364978383,-0.29487089595113747
2000-06-01,-0.5406439949982924,-1.2348804245269345,-0.15920017180919538,0.2843227971367058
2000-06-02,0.8870064279853985,0.22664385185867233,-0.49567684631962466,-0.8287095088721109
2000-06-03,-0.5216624487889618,-0.49336210599430896,0.9594303330567197,-0.20050108016376436
2000-06-04,0.2839922434096554,0.6241429353748854,0.8819513781415894,-0.009216347533464637
2000-06-05,-0.14894132607547325,0.732910875675681,-0.9472629064874372,0.19684061642758016
2000-06-06,-0.6446327131202505,0.4840717594916718,0.2681568755459778,0.30544021308271535
2000-06-07,1.3337549136863172,0.10345180042879622,-0.6583683801585424,-0.32330128065324315
2000-06-08,-1.2315130850887441,-0.5540230973891169,0.22898919296608822,-0.2285401446987238
2000-06-09,0.6054594680177231,0.2925948108940554,0.469174911223681,-1.1731448196502694
2000-06-10,-1.714177726249886,-1.4218215074867067,0.5465772793553735,0.8858642522448906
2000-06-11,0.5233684832697978,0.22053664609553167,0.8088037289721833,-0.7253111396064389
2000-06-12,0.16209506145095023,-0.38841511105242665,-1.3400226692153387,1.6623641014090955
2000-06-13,-1.3735855116855171,1.2400383438961964,-0.2719766777666139,0.40805346909467727
2000-06-14,1.300323676200376,0.3017850444404555,1.0706647252012524,-0.26172611416916086
2000-06-15,0.1545211658796662,-0.8614181560671188,-0.49069791220844344,-0.30894828917930656
2000-06-16,-0.09522774473781666,0.4718607093972366,2.761454934068819,-1.9280679219885766
2000-06-17,0.37672064174746944,-2.6202763858037965,0.5129748880812272,-0.42137279383774984
2000-06-18,-1.5346532968743385,0.7466431112244175,-0.5597824055467866,0.717794186347869
2000-06-19,-0.23147668671026334,-0.5136454100215542,-0.3725419446590276,0.14609894508578017
2000-06-20,0.44625706922663233,1.661636449348086,0.4586592844929546,0.4118282168941142
2000-06-21,-2.1692263460519268,-0.3111178006922945,0.42852188424223747,-0.7260630832971666
2000-06-22,0.7302478954316646,1.0839398115600634,0.07164706455220227,0.12396806472412271
2000-06-23,-0.7198554046428751,0.1195587471399558,-2.1982103999188083,-0.2757261379511127
2000-06-24,-0.920109380663886,-0.9466044503134972,-0.7909695938933204,-1.0251922108589187
2000-06-25,-0.8823092017828914,1.1952155393032102,-0.753146163199504,1.1767852717819327
2000-06-26,0.4929657823190882,-0.5065172685858206,-0.2618302530871445,0.46264098559402045
2000-06-27,1.267102710826659,0.2341621139154752,-1.2540926487020148,0.24927050301414502
2000-06-28,0.8668570022778859,-0.008223141260883741,0.21390683979605832,0.6094802351337927
2000-06-29,0.3511991999707849,0.1578454480479575,-1.5443834100038114,2.833167606439911
2000-06-30,-0.8516223925581698,-2.3200501833692653,0.15066244984927496,0.8093826167546102
2000-07-01,-0.9270069812839474,-2.3586588696702497,-0.013927012904444811,-1.7229862059192653
2000-07-02,-0.7940561399755421,-0.23908391086548192,-2.6582522338713828,0.5513830061600581
2000-07-03,-0.4019588765158116,-0.15716361890557526,0.40958132676382836,-1.4145221030436068
2000-07-04,-0.493449995343575,0.2926304539003005,1.0484440430311293,1.1463609789449527
2000-07-05,-0.6460137356905196,0.054122952778324025,-2.204714960317562,0.25472464451110033
2000-07-06,-0.577711999182432,1.9797898400859197,0.6537830160636853,0.43335918667446904
2000-07-07,0.6781945525674571,1.0999289754321722,0.08058698993990707,0.15202495630203047
2000-07-08,0.5547964866232252,0.3956353368631355,2.145879587773322,2.1343962505096754
2000-07-09,-0.9214093811233589,0.253043483988209,-0.0378122725060708,-0.06303952477866173
2000-07-10,-0.48225004748034817,0.2466301000471852,-0.44168651433268313,0.02915122263713367
2000-07-11,0.929673260916243,-2.229951671881738,1.426408183927093,0.45416411912381194
2000-07-12,0.8063749958879617,0.3827472538037848,0.7440244287944355,-1.187375529017675
2000-07-13,-1.5540466307899965,-1.3147979492695887,-2.3095272619883715,1.7172731275283757
2000-07-14,-0.7512473558535792,1.2358586200562107,0.9240100315556112,-0.45341057720853273
2000-07-15,-0.2612472358769881,-0.6278796958033648,0.24872207576994396,0.7437942347156139
2000-07-16,0.5881367005021396,-2.458162189681109,-0.7293572021459905,0.5531806332599117
2000-07-17,-1.8870979463052635,-1.7125059651359427,-0.5082212663420463,0.9837014078351364
2000-07-18,0.018174356149695405,2.0438176948826197,0.616591745397688,-2.146365733898431
2000-07-19,0.12213864863015608,1.3931023504025974,0.9646210512552287,1.1913494371956412
2000-07-20,0.20061273517023526,0.1365708637672935,0.27351545339191996,0.7214882720055094
2000-07-21,0.6729217448463937,0.5516894379363726,-0.05615853171654675,-0.0780640071258814
2000-07-22,-0.34623384139405183,1.3422723858652597,1.1705217493453797,0.6658556408911314
2000-07-23,0.27713976682508,-1.9323320469444154,0.4375941943157916,0.28779920259420294
2000-07-24,-0.3834141203603043,-0.5049189685707438,0.7604127161509384,-1.2752731124119525
2000-07-25,-1.109217360295365,-0.5642687881574129,1.3445896959410373,0.3552656360589183
2000-07-26,0.3302020861129659,1.052562191386067,1.339900375046802,0.08039415504855074
2000-07-27,0.6333144839348113,0.7119612420277162,1.4996969846028214,-1.5334206021600012
2000-07-28,0.763587881019271,-0.12477460381647275,-1.4098647291076425,0.3632273269029069
2000-07-29,0.8481523902546876,-0.5608945662973992,1.1037437063026307,-0.9227647827962937
2000-07-30,0.9797639932167441,-0.4073465534972738,1.1877092733076837,0.31579796995349474
2000-07-31,1.6036791825896717,-1.2334918975604974,-2.1336667556279716,0.9550356106024888
2000-08-01,-0.24178033969568666,-0.025621661750157808,-0.30348572602147333,0.28219963830393413
2000-08-02,-0.19056486815262147,1.2418166605083827,0.5473216732718797,0.09416620463308326
2000-08-03,-0.1827450229483476,0.38417799520096224,0.7194580438204154,0.12780861252485565
2000-08-04,0.820208132962165,0.37852616430477604,-0.2087065814848653,-1.3517681506027555
2000-08-05,-1.3488496109464998,-1.4925047344221585,-0.6477879958668495,0.1289292279424966
2000-08-06,1.2908888037752535,-0.7233577661679863,1.5197259685042257,0.868034521997729
2000-08-07,1.8389640249982906,0.19495430019175564,0.3867398834171045,-0.1442779898243461
2000-08-08,0.8113487935099484,0.5549246284069406,1.3255257267437939,-0.8617835082100351
2000-08-09,-0.4892557603839549,1.8684563563898915,0.3972235347819281,-0.2240731259290468
2000-08-10,0.14961228760164452,-0.11477985920064,1.4275098260147756,-0.7505284908698361
2000-08-11,0.5938594666824354,-0.486375859657829,-1.249019025360668,-0.6407892158715914
2000-08-12,-0.21285301009676258,0.12945839217249688,-0.4575122954132392,0.4622917653949593
2000-08-13,-0.41204585930997983,1.4941685391879302,-0.7720863830638544,-0.7833015647629915
2000-08-14,0.6714202367197307,-0.1950839970228098,-1.5518310880579174,0.14220264874885521
2000-08-15,0.9768024295084431,0.8951692673188392,-0.8571176837599798,0.39539170691975184
2000-08-16,-0.9466202019096637,-1.1258356910648426,0.5735996719213394,-0.9023334859325822
2000-08-17,-1.2836784001868822,-1.8855128736769886,0.8108377568032555,0.886515007004761
2000-08-18,2.4116943152099526,-0.5562201322974589,-0.535185144451412,2.014406699749387
2000-08-19,0.5282300799780947,0.3773684554159,1.3306254939964621,1.5238902443757063
2000-08-20,0.8525311625627271,-0.07616370216011444,-0.7723807366033191,0.7145422095148588
2000-08-21,-0.32533278598592646,-0.24982175593256375,-0.6868940649131703,0.14973801155737146
2000-08-22,-1.5142285549383447,0.8621518819988268,0.27276232696232583,-1.7374268597070797
2000-08-23,-0.8106447698486863,-1.6604210318324593,-0.6990798469008249,-1.6931344199367013
2000-08-24,0.48762177289546366,-0.9875829167707753,1.4238167452324728,-0.06435335138318904
2000-08-25,-0.07584929854220986,1.2217559036581942,0.45470831465789985,0.1585215475893436
2000-08-26,0.1704415970604984,0.04375539425661973,0.6498256764632974,0.8575689029955519
2000-08-27,-0.4824700402608986,0.587858950118465,1.6450799893419115,-0.4713499474541621
2000-08-28,-1.2651975642023892,0.010055301987826589,0.04603517984172406,0.8384398413410658
2000-08-29,-1.1756300070989394,-2.1487830305823077,-0.4903786949095872,-1.4227563137642973
2000-08-30,-0.7652219676377472,0.6156166582760335,0.6498270606659567,1.3925598964733779
2000-08-31,-1.364172508590464,0.7918692740280667,-0.08064630605123822,-1.901027216904158
2000-09-01,0.1601181921082575,-1.257777246787943,0.2964018084305338,0.5711340676788416
2000-09-02,-1.1326746839505841,-0.1661472129232786,0.4157703860397914,0.05883929136049469
2000-09-03,0.8962111477555775,-1.007325537870251,1.163268144629052,-1.5276849034201547
2000-09-04,1.3133956078863744,-0.06459808793430634,-0.350294741934986,1.1151812730654984
2000-09-05,-1.6493683260129184,-0.503226518863003,1.0430693804566464,0.5158747702838923
2000-09-06,0.36149749110159135,0.4910737173148226,-0.6290125243158885,1.4462060272337112
2000-09-07,-0.45660268126458015,-1.073081785244833,1.6331228852425776,-0.023081114521464125
2000-09-08,0.17634553967186148,-1.6608612516943553,-0.27228878351075986,0.5348834051482438
2000-09-09,-0.4090465672152885,-0.9977279358295841,-0.13343843102748937,0.3727834435527504
2000-09-10,0.891260834430093,0.7669110763255074,-1.6504415711433296,-1.4469258768808662
2000-09-11,-0.8818638913017142,0.8642443206594413,-0.13106446681529102,1.2990259644134405
2000-09-12,2.914999526093243,-0.8311260702933421,1.066005924159435,-0.7754685780699652
2000-09-13,1.3203001680916044,-1.074083980316368,-0.59160927431587,-2.1687185715295096
2000-09-14,-0.24548221975510404,0.34765686158171216,0.7521382059189271,-0.16556971194196848
2000-09-15,-1.064123611809183,-1.2199073570035368,0.588734773730951,0.48532618393492166
2000-09-16,-0.45229740738304525,-1.6218651222771203,-0.40983546712626834,0.07323410966453645
2000-09-17,-0.8858024078607727,-1.1968070820174697,-0.6535375794739315,-1.122719749209762
2000-09-18,-0.09912500650982752,-0.7123774992563889,-0.8585221571447844,-0.22585305640691136
2000-09-19,0.43187466494241616,-1.3153139281899764,-0.4241846607093437,0.20146049480465572
2000-09-20,-0.9883756002710372,-1.1132457806093201,0.28136413293174906,1.176324448428475
2000-09-21,-2.5009516535106857,1.1435174865586921,-1.0938108791958496,0.14616995091668747
2000-09-22,-0.9542339218043404,-0.036425908178516576,1.1269659550342228,0.7581542650878751
2000-09-23,-1.7907585230965437,-0.03439777096366151,-0.3334427114712467,0.021809736385074042
2000-09-24,1.3507087081851674,-1.499235240513448,0.6033364450633293,1.6769882696542218
2000-09-25,-1.8356805412509585,-0.2988822271324901,0.19425916576965832,2.537854018586374
2000-09-26,-0.8214263850655581,-0.4004446415883278,-2.1055755665429876,0.0020529185784872637
2000-09-27,2.4385994445698826,0.5254375222084763,-0.0464092317092477,-0.48637499721217814
2000-09-28,-0.8336463331237388,-0.039695678316427514,-0.3437169546779923,1.7335706407365115
2000-09-29,0.4954811637999269,0.06874348193108462,-0.014599278581217581,1.3150809272474622
2000-09-30,-0.5684689021658539,0.4354908761285559,1.041245118470038,1.0980039335133946
2000-10-01,-1.5150810420355822,-1.0033505445694124,1.0545167529339978,-0.6858878169479917
2000-10-02,-0.08778176629337207,-0.5660372817796628,-1.1650110998360377,0.8947426122476896
2000-10-03,1.1652780837918228,-0.8597038686201306,-1.663734999596096,-0.3950287459710648
2000-10-04,-1.8795183672920714,-0.355564827661844,0.018265901809896533,1.6289279605376368
2000-10-05,-2.2019351037274744,-0.13460885197216904,-0.17948965740777853,0.3622742112392406
2000-10-06,1.0513202784067672,-0.5323951462816072,0.05504568207373834,-1.4734091151659519
2000-10-07,0.7787695898631536,-0.03501287631684684,-0.43429773732489574,-0.9134121562075875
2000-10-08,2.7110610807067874,-0.849994442950184,0.6100386828050862,1.3218046762993347
2000-10-09,0.40898375930080333,-0.4338081566993181,1.3580691027752374,1.4147455960058288
2000-10-10,0.8775563100149285,0.029024716087854507,-0.9879781716526571,0.4445619251591922
2000-10-11,-0.7387582930009706,-0.1829728121572916,-1.2675227122425579,0.6509683355646342
2000-10-12,-0.04743499640421898,0.9255491013428414,0.24114835533402784,-0.526349160455314
2000-10-13,-1.338045681035799,-2.035324398790161,0.7353025475299129,0.13033587029052557
2000-10-14,-0.09629829496106808,-0.48944499550736414,-0.11126695586780642,-1.250953954515975
2000-10-15,1.2604210583679643,-0.5375702977957587,0.7516058019597996,-1.5284827002378358
2000-10-16,-1.3718567778119704,-1.3974180324102017,-1.7493297365296385,-1.1566582202996765
2000-10-17,0.19020389703994878,-0.6255320036522963,-0.5454289148481244,1.1688823701511362
2000-10-18,-1.378041789292794,-0.017096711151469303,1.167056922395571,0.21491408254682137
2000-10-19,-1.066176975988794,-1.0996780185107053,-1.940222232424924,-1.1378013151289263
2000-10-20,0.11683944945774757,-0.19897206590788025,-1.864844021907891,-0.8750516988282645
2000-10-21,-1.273712689431601,-1.7969669599925602,0.6377567589578755,-0.5453655682570289
2000-10-22,0.41359734706365286,1.563177650972931,-0.6750009467924316,0.39198843921159565
2000-10-23,-0.6504042409927782,-0.27389939182410994,-0.5948173747152584,1.7700746768826097
2000-10-24,-0.3759287700909333,-0.8797168603308233,-0.9732779751634847,0.7917960539962788
2000-10-25,-0.0858721054638324,1.047641844610618,0.26522383727299575,-1.5382981186820266
2000-10-26,-1.8378321648236455,0.08732442405048149,-0.033959653638199715,-0.7530045683998808
2000-10-27,0.5786536580760544,-2.066452588477425,1.9662885594342558,-1.6168343383834594
2000-10-28,1.7785328415090649,0.7782123161545534,1.2587476386045473,0.012612727865861796
2000-10-29,0.8225321820278675,-1.0717480181684156,-0.8523212783443,0.6185351826619016
2000-10-30,-0.16833193709203698,-0.8773061402416722,0.12361682094901467,-0.4106316070518618
2000-10-31,-0.6582333962794488,-1.2751189972925425,0.11564886218875758,-1.896203942642367
2000-11-01,1.014016343601025,-0.2459808358273819,0.7941935765535689,0.659120621532197
2000-11-02,0.5048938267496746,0.34562814949852766,-0.2986078581309935,0.5942304528061771
2000-11-03,-0.7586932330044188,0.7638371329007249,-0.0647442592226182,0.2519450167288594
2000-11-04,1.34280243588196,-1.0978719018472565,0.40671778371768724,0.26254380765901497
2000-11-05,-0.5808590056045048,-0.6416026381002667,1.3898552941469442,0.418199033130581
2000-11-06,-0.7716508254809092,-0.988970179478099,0.16541320825522374,1.2610549431258915
2000-11-07,-0.7646472445253933,0.3131263646862663,0.4414601840974073,0.02445818097412081
2000-11-08,-0.18175673982159385,0.675473462515061,-0.24932356813166073,-0.4231732359479963
2000-11-09,-0.7092131734078311,-0.38119408049193565,-2.4138855028477493,-1.5214655684102842
2000-11-10,-0.25440755975528107,0.10210363459302053,0.775031626533,-0.37618276949747875
2000-11-11,0.7681801373563975,1.324838623476829,-0.857431724932378,0.09741236449830303
2000-11-12,-0.21506151130683518,0.49048080739020355,-1.4944584341591913,-0.19444497150703344
2000-11-13,0.6176115048958589,-0.5621979329400579,2.2483701816624153,-1.9067311333422612
2000-11-14,0.43315684727681947,-0.2766096043074188,0.7211195804786056,1.4742101152603238
2000-11-15,-0.32741739508391965,0.0905679826486533,0.18386162636951045,-0.33679898148635584
2000-11-16,0.6495553175880024,-0.14810273660912737,0.05046636962133709,-0.17909576794597729
2000-11-17,0.7036494554225368,-1.3153983074448827,-1.7964389345543956,-0.9803532501088006
2000-11-18,-1.329457873592076,0.07221343802215596,0.17398453030089114,-2.282549896391265
2000-11-19,-1.2546713198899104,0.7644828032973934,-0.19307456842445136,-0.06417892256459089
2000-11-20,1.4724803073765413,-0.0025515470794395256,-0.13500010472301072,-2.3260900939025673
2000-11-21,2.2357054873325293,0.930422503630994,0.26716429975509726,-0.4026558394198999
2000-11-22,-0.5581184249407073,-0.699610998160636,0.03201179722580546,-1.4750242229118133
2000-11-23,-0.14683593746862567,-0.3646579695735157,1.178170873320795,-0.8681546221875541
2000-11-24,0.5008988509464553,-0.5150660712823905,0.7981005712413274,-0.38558258571034426
2000-11-25,0.060430672882942474,0.6637752466551395,-0.017355842045929503,0.42523840930473494
2000-11-26,0.19926145152841154,-1.4543522351299487,2.1324829962466403,2.3384302662257594
2000-11-27,-1.137112699896056,-0.9716426055003647,-2.219806946261062,-0.8240766325311357
2000-11-28,-0.6689657271819802,-0.5816478254941264,1.143905442192899,0.20521843922488875
2000-11-29,-0.9313498644750218,-1.5864421661546493,-2.734224120765639,0.4078716641294212
2000-11-30,2.3748668066537344,-1.2119901156619746,0.33674047557118897,1.558311396168769
2000-12-01,0.06648916544807534,-0.5404592322803068,-0.8323621856293051,0.41742717994207523
2000-12-02,0.696432205600947,-1.0153034933717255,1.0649818950781493,-0.32233242125913575
2000-12-03,-0.271025718082114,-1.0894950835540689,-0.11499418607546052,0.1019077249322048
2000-12-04,0.4915791174732893,-0.5789868156109663,0.08962295229836632,-1.0731471592305366
2000-12-05,-0.31800556759506643,0.10006419049470057,0.3169831565239982,0.4934070104850127
2000-12-06,-0.7430422045328176,0.4261299002916416,0.8859778480689984,-1.0293261482107696
2000-12-07,-0.5377316835022669,0.8546889137050628,0.0269251454708204,0.7436168320450256
2000-12-08,-0.47603427534372567,0.36044053626206657,0.07038993097694889,1.3429930343148067
2000-12-09,0.22415432662357762,1.4917617821052458,-0.12305758144061078,0.37557707881063207
2000-12-10,0.26597092783951115,1.5914097425476164,-1.7023562955615692,0.6312741095450931
2000-12-11,0.16356540351572824,0.2818847046203848,-1.9096619529744536,0.004098758702209655
2000-12-12,0.627987098338593,-0.4057744807601434,0.14930992990024686,-0.03474017466867321
2000-12-13,-0.805150661952437,-1.0469914721096734,0.2854853765910268,0.7558139139760921
2000-12-14,-0.2040721947422857,-0.03781074252202905,-0.6836669462039713,0.08595130760466822
2000-12-15,0.46214763849580637,0.5125687301642051,-0.8935050548432164,0.36269578222198884
2000-12-16,1.7604193087761253,-0.8941692479477102,-1.5312413681573849,-0.625240079637113
2000-12-17,-0.7147491511770135,-0.5848947720369118,-0.10452804565243355,1.2621001233120637
2000-12-18,-0.5783140141356934,-0.9955274501825246,0.4655753009402006,0.9678871723539807
2000-12-19,0.9333646166093067,0.13688667187449444,-0.5020364971477022,1.2125429204623834
2000-12-20,0.28562588810849515,0.17120740173746005,-0.14245359191094425,1.3628637808439017
2000-12-21,-0.2091569028557996,1.3478697116592706,-0.8514675620706371,-0.8104274802434399
2000-12-22,1.476039782536691,-0.5598002211665055,0.7406418363638826,-0.7744508810722566
2000-12-23,-0.8883967259672231,1.4159009023450162,0.7895544313803226,2.9980751800543337
2000-12-24,1.6549644391364193,-0.8342219689224635,-1.3075676906870244,-1.2124433049378305
2000-12-25,-0.6987479644789909,-0.7854288311890125,-0.9022861318337222,-0.5740753822639468
2000-12-26,1.1411378340962044,0.24970183876663968,1.2569573881639013,0.6080299146301289
2000-12-27,-0.47609690679594,1.7215137218489251,0.5396927567094926,-0.9390774626364937
2000-12-28,0.6890034988597513,1.0471745625605953,-0.06689969902362454,0.0034256012332601416
2000-12-29,1.0862186736689017,0.9588073712479941,-0.7551011537422017,-1.0076775218737084
2000-12-30,-0.1687726939885278,-0.20430479979748,-2.742411411832484,-1.2037743856708332
2000-12-31,0.1866142665474855,0.6511493825651997,-0.21175594029527042,-0.1674181148052772
2001-01-01,0.9900719210948372,-1.8623513997078054,0.6950447350765401,0.3765459819323421
2001-01-02,-1.3637497229759203,-1.222719576683581,-1.9669509702050454,0.7551649380275821
2001-01-03,1.503331211851607,-0.4799575663373462,-0.19123194856134249,-0.2542045602923224
2001-01-04,0.1344926555871905,0.9472433256398164,-0.46913339912316193,0.45454835816795336
2001-01-05,1.144813955767865,0.8674820673976755,0.13932688049425215,-0.8949189422451443
2001-01-06,-0.7910697223320065,-1.0910767518666016,0.48805896074431904,1.1697586442682677
2001-01-07,-0.8290265014539723,-0.22409255166102787,0.6123837589385015,0.4670061730174392
2001-01-08,-1.694545658895644,-0.41980529637808456,0.3896101052936215,-0.0034662814653119126
2001-01-09,0.31117158489663876,0.8984008831864929,0.4199335562981519,-0.8488377724176296
2001-01-10,-0.7489812012728524,-1.6484745056785053,1.4536451766633227,-0.8536785423205082
2001-01-11,0.7955873084441843,0.6056578764586382,0.8438663837822725,-0.49988434086296774
2001-01-12,1.4380322110795625,-1.3144516348800308,0.7689262322372991,-1.6222409632987815
2001-01-13,0.9850307460593647,-0.3466005750758099,-1.6698590289356516,-0.11396318243080475
2001-01-14,0.5496468363587956,-0.9335069621418186,-0.647432659316839,1.29756575444941
2001-01-15,-0.7948930338104048,0.7400165974111257,0.2369817783042298,-1.483426235644095
2001-01-16,-0.17783708922368682,0.1514710064822562,0.22511309404425398,-0.3630354208564378
2001-01-17,0.556312943298825,0.35206600458258186,0.3553253507642102,0.45443102813887615
2001-01-18,-1.958430128103131,0.5731634800043196,-0.20201455892581527,0.35228579488797157
2001-01-19,-0.0176377477180602,-0.36524161939418653,1.7424725867701276,-0.3181107822407257
2001-01-20,0.5831231169176675,1.0466802243298299,-0.5407189834415712,-0.08495399883594904
2001-01-21,-0.0059469909482277915,-0.20177662157508583,-0.9547039823918086,-0.4171356803932074
2001-01-22,-1.1183308844491475,-1.1341140238377094,0.10324837195018487,0.8881007512015652
2001-01-23,0.35980667394055177,1.1386012443658686,0.7367100453115463,-1.426490695861335
2001-01-24,-0.08037295142550772,1.0874113718680383,-1.223434915564015,-0.10957470907478258
2001-01-25,0.07147648892827028,-1.3752433797589938,0.9181104474027829,-0.719986225620703
2001-01-26,1.347249257874355,0.3204879788158202,-0.019172252791746974,0.5139788628402148
2001-01-27,1.3671572238660723,0.4609296673157183,-1.07088720872009,0.17267876439071433
2001-01-28,-1.2118122205098314,-1.3472269653889613,2.1394558433991433,1.4836801101759647
2001-01-29,1.4090459587007167,-1.2515586072882743,1.1594703409314746,-1.100070530436059
2001-01-30,-0.4569382574938711,-0.013523167529776304,0.37851494417767345,0.5631564411648229
2001-01-31,-2.0757889402619525,1.2073341773194632,-1.4041387248468553,0.04718767468631421
2001-02-01,-0.6617081162482191,1.0738415682425062,0.002288367390588383,0.06334512568763147
2001-02-02,-0.9558566351958009,1.0007817233749987,-0.4997213046766054,-0.9337995871006374
2001-02-03,-0.6028993035819867,1.110207513902294,-0.9553631509739178,0.561812171389879
2001-02-04,-1.347937818287456,0.5490799963126585,1.4060473165460214,-0.4402957466822866
2001-02-05,-2.2094259432966448,-0.07962204170226501,0.8363658252959778,0.565388442720528
2001-02-06,0.0905847516339479,-1.807425331533983,0.387076508168724,-0.46551274160143974
2001-02-07,0.1577811937295493,-0.16043074856598025,-1.6272273502021577,-0.3721883614651281
2001-02-08,-0.7401160877221037,-0.6680723355073169,0.17736820316412588,0.7564858402483359
2001-02-09,-0.3812659696674089,0.5877165222313455,-0.36680259081323185,-0.2636347953641673
2001-02-10,0.39576412755873447,1.2815626794366943,0.9486375880504584,0.02899758061670684
2001-02-11,-0.990841640645458,1.238065688662147,1.2144602425062312,1.1576798683160858
2001-02-12,0.051546054304193775,0.6665333310811277,1.0734986796034913,0.06148431795113958
2001-02-13,1.1628583012276155,-0.013573554394577055,-0.4889517015251956,-1.089982586095335
2001-02-14,1.0059643392395452,-2.1384394106684126,-0.06044558530180069,-0.36512897071550005
2001-02-15,0.7555043790308641,1.6158886920623965,-0.008930999841024025,0.5418668293289395
2001-02-16,-0.9278827338127967,0.5774328429880323,0.11621781938068636,0.4254648792360832
2001-02-17,1.8019520093683645,-1.0994130650586453,0.7163528541195643,-0.6138653969817975
2001-02-18,-0.4012697968918549,0.5994047599793716,-0.7295757557595965,-1.2624850962954886
2001-02-19,0.5028458046981901,-0.6024713948085182,0.3565212380998771,0.8615139797952035
2001-02-20,1.902944337425285,-1.7275479851234437,-0.31475145532162857,-0.5052833424084512
2001-02-21,0.4141263239795382,0.07502588666613595,-0.2494924842806407,0.2915444096733668
2001-02-22,-0.9255033625562434,-0.21597655649082306,0.3808512685538899,0.5047727292232114
2001-02-23,-0.29508119346917283,0.5543797710217324,-1.2160497620364146,-0.8650003571309325
2001-02-24,-0.4508175095151373,0.3835109390657116,0.1783766683520264,-2.2399385638998552
2001-02-25,-1.1110985406238985,-2.2535991137659916,-1.232326374610164,0.2549087089797471
2001-02-26,-1.9542197626743365,-0.10870063788622056,-1.6247672607246422,-0.9413932528624749
2001-02-27,1.0481736164080713,1.3870717750836241,-1.7377815096285032,-0.5669976430855147
2001-02-28,0.5259715444913057,-0.31018886233623727,-0.7462588005925909,-0.8633484401104243
2001-03-01,-0.2116282294722342,0.1044700333323741,1.7255341538888531,-0.9404992173645697
2001-03-02,0.9302663950069087,0.7899243827925948,-3.251049522436915,0.3885810506850915
2001-03-03,-0.34579612308362145,1.6609755842087819,0.6183453163153887,-1.5119838774339933
2001-03-04,-0.2985525371359201,1.2663875999479688,1.785694898032437,0.029981779920715136
2001-03-05,-0.47773786581720923,0.3285985712464347,0.6355930143512581,-0.22371269037001898
2001-03-06,-1.4865918354773802,0.7525800311657379,0.46134596943292044,1.4814427313121483
2001-03-07,0.6018066482149087,1.069526852256796,1.1517128537737713,-1.3074978657263954
2001-03-08,-2.588947120714469,-1.1904787681823863,-0.38593261545396107,1.0008696925116842
2001-03-09,-0.8174356034610425,-0.6091709465945124,1.0174364174959456,-0.33473152317432336
2001-03-10,1.3964821241568353,0.08784298636891101,0.7517247570929099,0.4790507354239861
2001-03-11,2.1652352524221605,-0.17830687608257434,-0.29771718122237306,0.6708419611200189
2001-03-12,-0.6442326708783866,-0.8378873219500269,-2.4856900500249606,-0.04311171896302972
2001-03-13,-0.3233243576464899,-1.1283788758283897,0.8582668018816219,-1.1714516546370526
2001-03-14,-0.7070763778641342,-1.656394223838669,-0.5768572746986975,-1.3154570596288984
2001-03-15,0.5553573424190896,1.625075284298227,0.7840430087071103,1.5828672830051502
2001-03-16,1.2431123774354422,1.6920183128577844,1.3132861631917645,-0.41112971860198166
2001-03-17,-0.898733379447372,1.3346273396320232,0.6111192868531803,-2.987736055622178
2001-03-18,1.0959644180692445,0.6508735605862571,-0.06920998653051512,-0.9903608535060141
2001-03-19,0.5555972062247951,0.060043619612975746,0.09562528974167464,0.6598807384797558
2001-03-20,-1.1644177910269826,-1.626107627103364,-0.9798165351996259,0.01321719521718899
2001-03-21,1.7050285335001711,1.1727406160610272,1.2250182605261217,0.686824228055343
2001-03-22,0.11299893642324597,-0.16694145705697638,-0.9520735625941269,-0.2008404613916369
2001-03-23,-0.9873348254761086,-1.2841839884044857,-0.8242841638007458,0.8232483935637414
2001-03-24,-0.33069882449113164,-0.657880659236775,0.13014495474207344,0.7087241568617857
2001-03-25,0.23092673357679555,1.1296830308060222,-0.050349201432161594,-1.149925972341196
2001-03-26,-0.37658042541612885,-0.5998803509887073,-0.8475268942186476,0.9744513824283102
2001-03-27,0.6562774118150512,0.767253670178086,-0.13051188608624842,-0.35361947392987964
2001-03-28,-0.8345085562398071,-0.09944558235605905,-0.6372086553601999,-1.7786286065535992
2001-03-29,0.9006488726975052,-1.9090520803325424,1.601283722183348,1.2973406224480721
2001-03-30,0.4381761076396791,0.4582351598294013,0.762291784723721,0.16762129911321683
2001-03-31,-0.4892287081757286,0.05186852827992111,0.38730521379599275,0.4210309694177052
2001-04-01,-1.095177051860675,-0.09080984187566575,0.9211655830743911,0.3123868661139627
2001-04-02,-0.44599710944047627,0.6570577946648745,0.4888678687709184,-1.0836344284233481
2001-04-03,0.11616304508708115,0.2921350525899868,0.34869326720939203,-0.8473269380835696
2001-04-04,0.860621420167551,-0.3546164578524881,-0.21388483534921893,0.03399321303649068
2001-04-05,0.38758981846955254,-0.0767945568294704,-1.0628892071058518,0.5784817752716647
2001-04-06,-0.9091451957572737,-0.3701008608964464,-0.876746758369432,-0.9028916967688256
2001-04-07,0.6029838869924936,0.7140845162596658,-1.6972386777051536,0.7196585789752102
2001-04-08,1.55586855646502,-1.043467475074504,0.2560743847746149,0.8468389186066152
2001-04-09,0.34996890507214967,-0.04861325658830317,-0.5030387512922168,1.6933194812918444
2001-04-10,1.1149441865827392,-0.5058504720787175,0.5657794559062636,-0.9741914785130843
2001-04-11,-0.1089801813813639,0.713308269775417,1.6055673074452201,0.7638242703018441
2001-04-12,1.5978408235354393,-0.4129535123290112,-2.416772268871794,-0.9297529328321833
2001-04-13,0.7118252059572996,0.2649905288914376,1.4218191636664872,-1.4903683447698124
2001-04-14,-0.19457478829729247,0.1788883924208519,-0.15311581659435436,-1.8227629476485845
2001-04-15,1.391059404009185,-0.3512472270826987,-1.2940389210816359,-0.3012076471937834
2001-04-16,0.7750621543899674,-0.741715477673915,-0.4526598831067655,0.373051089114683
2001-04-17,0.06656003998831485,0.41547756157965915,0.778496697688709,-1.3948438144277024
2001-04-18,-0.2911855415084677,0.20214499211712622,-1.5641374476457262,-0.25203207569774666
2001-04-19,-0.5059298798946387,2.1106363503313728,0.3988492595988703,-1.639120084969069
2001-04-20,2.036522643858556,1.0687201164489095,0.8739066346257609,-1.1331935159387774
2001-04-21,-0.6045701620701971,-0.02239383075304702,2.6635092330577606,-1.3640123615767568
2001-04-22,-0.44989958475586056,0.7007811969148834,0.4502426464822938,-1.1886629390067847
2001-04-23,-0.29724171705668484,-0.3610731927358967,-1.5450999368919038,1.580466080501287
2001-04-24,0.0026623835661668555,-0.19971364455398488,-0.8634106465522122,-0.9857377716645285
2001-04-25,-1.175066225462914,-0.6441384286434723,-0.7243432090383668,0.4467942857538784
2001-04-26,-0.6652062839757061,0.9327659920842457,1.1451333760857338,-1.14923103232647
2001-04-27,0.21425951766704837,-0.8490466151271714,-0.7954128347572268,-1.6209118200345956
2001-04-28,-0.34088392005149987,2.0408747487992187,0.17910303696327884,1.2633411822541074
2001-04-29,0.18510395792904835,-0.05692388731496964,-2.6203622220907867,1.3009853132690095
2001-04-30,2.308467215074491,0.25856408542644355,-1.4139851332430944,-0.6139448169254677
2001-05-01,-0.5744824258274368,-0.15326390982126098,-0.3741876632195449,0.34026892408631926
2001-05-02,1.7345101084476093,1.0384759367780778,2.362875974875154,-0.22188741372935855
2001-05-03,0.6005520685079058,-0.7620767375683213,-1.4698830204316806,1.6522325700397047
2001-05-04,-1.0175298733148594,-0.22277634176738093,-0.3123979855211025,0.1856319360121036
2001-05-05,0.16083654968888764,-0.6898145009175951,1.2405870901718923,-1.1185785889045294
2001-05-06,-0.9446534132355032,2.472871365083846,-2.382761204120239,2.6500314058575545
2001-05-07,0.7092812426266576,-0.23789923286300896,-0.5865651410008998,-1.2285412061583634
2001-05-08,-1.110049932224948,0.014959910067198615,-0.7491592870341635,1.5241620894508825
2001-05-09,0.9859344831012563,-1.2110967031936524,-0.5858158058751962,-1.5189652995821228
2001-05-10,0.03892856736801152,-0.53102443990166,0.13539539477785,-0.3153963959827166
2001-05-11,-1.010244538835675,0.02581751761677979,0.9088875493064044,0.9268102616590773
2001-05-12,-0.10575420120384596,-0.12809041449095512,0.39960725568089117,-2.098278052785644
2001-05-13,0.3362455609827258,-1.540709638302014,-1.2920378220774509,-1.205966754358756
2001-05-14,-1.830388874935878,0.008040818141433202,1.0608642148144605,1.3450757139766119
2001-05-15,-1.7542999304206683,-0.8294173057293714,-0.8194558640941645,-1.9873290892336701
2001-05-16,0.17875944226939464,-0.060537963502944186,-0.025632679139482736,-0.3957001795587055
2001-05-17,0.6706041864255214,1.0712214009638794,0.5735460565612055,1.1185324945350719
2001-05-18,-0.4025371438047546,0.3740920102527067,-0.9715616999111782,1.6327293050201037
2001-05-19,1.1143603896282044,-0.5163126985209601,0.15667561075509395,-1.2313369904288158
2001-05-20,-1.5578636459866488,0.6858287852531992,-0.6545460436876556,-0.912872374810775
2001-05-21,-0.3345033334917205,1.1777830936617344,-1.0099465886982018,1.8984963087715243
2001-05-22,1.2743064864100617,-0.2408694006523444,-0.1932136595001667,-0.7516925314994471
2001-05-23,-1.0062519508844907,-0.021541330034369685,0.026082218571011857,-0.12444384509186728
2001-05-24,1.1645172711354705,1.2081822997258602,-0.4483519763570311,0.2609158176993865
2001-05-25,-0.27155811201681196,-1.3737192917836691,-0.0015559206657349363,0.15917818251948218
2001-05-26,-0.9534972529121993,-0.5579883255754087,0.3499215052028562,0.5199425342490257
2001-05-27,0.8885461913270233,-0.2929277345079388,-0.4839439227246569,-0.8952329569196831
2001-05-28,1.0778281448489757,-0.40222961670500385,0.48854610077935595,0.5563460097388588
2001-05-29,0.5240755000863387,1.668218980049408,1.039786526541287,-1.0496720499549304
2001-05-30,1.7842449082659524,1.591650175050955,0.6556228652128718,0.7410873174773674
2001-05-31,0.37259726656720876,-0.6026084156340311,0.9324616925751552,0.2919926792862476
2001-06-01,0.4062772886655421,1.2410149811002211,0.8969642650118341,-1.5754436531283118
2001-06-02,-0.28678683308231495,-2.0286436273623147,2.4082723521369567,1.0395149994494293
2001-06-03,0.7485345842026971,2.3230589994035005,-0.08816990777634705,-0.4294329435967895
2001-06-04,0.25034333935849745,0.6254097432330337,-1.4737161644862087,-0.9476183407668166
2001-06-05,1.2837057654758317,0.4679087185815825,-0.7065310260582723,-0.6452586029262669
2001-06-06,-1.0868127344996457,1.5300253583545425,0.3598271895173149,1.4686787732484157
2001-06-07,0.20718841706932795,-0.33628979644753587,0.6424158714788678,-0.421050790553704
2001-06-08,0.2950301170712431,-0.8988619199858894,0.2524824118682402,-0.24541706326551926
2001-06-09,-0.7690189470504765,-0.4516375193062941,1.2131142077708723,-0.21472825434368015
2001-06-10,-1.9144260783574314,-0.22006405027610196,0.9913890713196604,-1.7495985449599354
2001-06-11,-1.3976875410065557,-0.9726500843302603,-0.4534901981789982,2.15516591143524
2001-06-12,0.8922774684045188,-0.29188644647705864,1.0027161512639091,0.9534847029660554
2001-06-13,-1.0204368983220757,1.8576685449293122,-1.4405525560137784,0.22333666580976366
2001-06-14,-0.714224759842294,1.7842710174921925,0.13428791921873715,-0.32195308648507015
2001-06-15,-0.6493711921114304,-1.4967037140562467,-1.4703201095388507,-1.0379147624087481
2001-06-16,0.3622121148399246,0.6876183725831906,-1.7328274877726688,-0.5125187620050503
2001-06-17,1.3442946042190342,-0.7080747789755752,-0.5374809734064729,-0.7751752307710313
2001-06-18,0.47217336641745933,1.0683166996263411,-0.2544539179225419,0.021425031236834632
2001-06-19,-0.28017218291968726,-0.3619504240522398,-2.079848686462838,0.6841623797237343
2001-06-20,0.06364541233166003,0.2331652592606815,-1.162292080255488,-0.6351758166464236
2001-06-21,-0.3101162340566523,-0.24342944512154105,1.6592330898197605,0.8216213521932626
2001-06-22,-1.3470130778618756,-0.1763203812736869,1.063865840330067,-1.270892258897485
2001-06-23,-0.39909044435406527,0.12115546330182851,-1.4607283663437929,1.3150297388983974
2001-06-24,-0.16409879421286386,-0.8101483109191103,1.0279891674985153,0.30257298352398
2001-06-25,0.8344767298244563,0.40919855659132115,-0.007490830622470339,1.620357820632119
2001-06-26,-0.9264801600582325,0.281535698742853,0.44297406576697695,-0.6245284365947085
2001-06-27,-0.3254178423233798,-0.6248076266113036,-0.44669175987660326,-0.14154446208919821
2001-06-28,1.2716875816464182,0.06746520873207308,0.13432513500888266,-0.8761403505423719
2001-06-29,-0.9888882531059615,0.8773432557230516,1.4230641234416237,-1.5997987850235005
2001-06-30,0.6956201934959063,-0.13796264534919728,1.5259689755116201,-0.42471427394096506
2001-07-01,-2.8825366329456354,1.1762187821459889,-0.39347317123475767,-0.9754478176076701
2001-07-02,0.3972532336370905,0.4820947368329432,0.4693569789058361,-1.9241608410972506
2001-07-03,-0.975440686938798,0.7378228767494063,0.42961779702741243,-0.7144986866207349
2001-07-04,0.23280111340811568,-0.7988423681646408,0.8928006266540491,-1.619132557555288
2001-07-05,-0.8887894842855525,1.09673767784878,1.8375243435554212,0.20249450763892268
2001-07-06,-1.2218819388698912,0.42425243404271507,-1.0882074945683888,-0.40892634712945386
2001-07-07,1.9538612164801354,0.038211850108272605,-0.40257340211037895,0.30061251619298135
2001-07-08,0.5614830674732982,-1.4612250297951466,-0.9845474406873951,1.373171258278258
2001-07-09,-1.871735473852333,-0.16778470675897109,0.8429274937270714,-0.49711799828070946
2001-07-10,-0.2265297700970082,0.7728173555867137,-0.9463788024867612,-0.6165375859973328
2001-07-11,-0.3595308072958985,0.1564822806272572,-0.20299251814526645,0.23558937986917083
2001-07-12,-1.3724922605015613,-0.7611154513771982,0.24322525352312857,-2.0409615160841494
2001-07-13,0.5561867267808092,-0.04973953293736902,-0.39755596736508964,-0.701329763524594
2001-07-14,-2.3515844080692427,-0.13181540049958668,-1.0043111250212424,-1.387112965721847
2001-07-15,-1.1679486605090235,-1.7938456745179798,-0.5866998595737802,1.1415885959114322
2001-07-16,-0.5212789794657186,-1.004204305557668,-1.1407279721822774,1.20652001035838
2001-07-17,-0.12303701502851275,-0.4695899488228236,0.1003407534140279,0.5279633601016755
2001-07-18,0.2039473980760542,-0.1329921697788267,0.2891452322666953,0.9968076113067923
2001-07-19,-0.94345937025437,0.15317379744673537,-0.7745540954359349,1.861972061263964
2001-07-20,0.8294489306542292,-1.8185125124436126,-0.5665337859056512,1.0864949402856992
2001-07-21,-1.1897273804900401,0.6847239936946677,-0.19946116118205617,1.2151138601795872
2001-07-22,1.2556752043613564,-2.2986106394996844,-0.6120892372307473,-0.11735653332893403
2001-07-23,0.9712282183566687,2.678344338781751,0.00977194367569119,-0.9552254635536062
2001-07-24,0.3116030761745022,0.6467211687712244,0.02340226352595021,-0.2134334382648573
2001-07-25,0.11720976565376587,0.4380693538941495,-1.4867027912277315,-1.448173816862908
2001-07-26,-0.2819374062725312,0.9099001193397948,-0.13685830459743534,-0.2643272253576413
2001-07-27,1.1118320412446037,-0.70216294266584,-0.11466237097935954,0.2474424394927601
2001-07-28,1.2602058718700329,0.2095821404452166,0.7015634587820545,0.6163190102558304
2001-07-29,1.1395063615686225,-2.572197478757448,-0.17601193417165442,0.1566523110349201
2001-07-30,-0.3847214610774466,0.39334892803028126,0.08327678764098825,0.2605079902226381
2001-07-31,-0.1036771779578594,-0.8002438983242918,0.5190283999773874,-1.0888432755720985
2001-08-01,0.28991827682999977,0.3023179888259889,1.5436298260323462,-0.7480040722147161
2001-08-02,0.8479156797327504,0.7481777804176805,2.9192684287123973,0.18986476676933434
2001-08-03,0.24667562786619082,0.4039761996857649,-0.7239095714214722,-1.8048747666943483
2001-08-04,0.30842642179874047,0.2310126976398391,0.7754729869765468,0.7769682497719432
2001-08-05,1.200300369476412,-1.5144772470525734,0.7761147913768783,-0.21418047396295517
2001-08-06,0.49395656371555896,1.1123600254137596,0.5069296928460119,1.7189305809963265
2001-08-07,-1.512459115570887,1.575412475277201,0.44951291676095567,-1.2338385376565184
2001-08-08,0.33708606957724535,1.2931955425684976,0.03606776221716451,-0.5445633474419179
2001-08-09,1.0199376751208125,1.0540219839202396,1.927272026731098,0.5465029925368547
2001-08-10,-1.060399002004545,-0.35699411578691254,0.5718476115841507,0.40088347483030656
2001-08-11,-0.808633269248519,1.4417041720347863,-1.3315069006673426,0.30198275855064766
2001-08-12,-0.28796810183092353,0.8645859437567776,-0.7781886572506211,0.456077260770397
2001-08-13,0.6489981361660132,0.09145857258800649,-0.7275666836720968,-0.019523086466576627
2001-08-14,1.4786274748249975,-2.3826164362916034,-1.1303998044283161,1.485115732764038
2001-08-15,1.9036656952827193,0.36269198560875404,2.1877576728367134,-0.7059908660201395
2001-08-16,0.590277239489196,0.3156807709515993,-0.7588604519004357,-1.531445402295892
2001-08-17,-1.2054929999679016,0.020694180706708726,0.49781531560933384,0.11660049290575597
2001-08-18,-1.0310038248441458,1.210955630463363,0.17866089999755772,0.4696164291934148
2001-08-19,-0.3509750043953896,-0.20428776559754958,1.4893781483626998,0.26915512667740354
2001-08-20,-1.1738448173325327,-0.08455566637955902,-1.420955351380804,-0.2033907586842241
2001-08-21,0.29566571045399587,1.2791750579164145,-0.9246978470656723,-0.3499814249034072
2001-08-22,0.12203183066471712,0.554383697405428,2.696777775435992,-0.2688940583671055
2001-08-23,-1.5140176219040316,-0.8881110537873468,1.5158202767164495,-1.258164590544442
2001-08-24,1.5399429051565927,-1.1281979156728223,0.06802180230391104,0.11831579881222197
2001-08-25,1.668611655259867,-0.18485455903717782,0.06938103070236781,1.6567713921178129
2001-08-26,-0.051666036934548375,-1.5707748502614662,-0.39667087334918805,0.4423433536988078
2001-08-27,-0.3149655815673079,0.7046357415418982,0.04427368301477462,-0.5075531209819297
2001-08-28,-1.29223999080372,-0.6141101200034141,-0.4817991238495656,1.8472712292105764
2001-08-29,-0.48540789322049027,-0.07193783018770465,-0.3165607639279703,0.023396064721451885
2001-08-30,0.06477280402335327,0.37818875797769375,2.727313347785198,-0.19241081098187832
2001-08-31,-0.00941976078544766,0.13090268690072582,-0.2939948160329766,-0.8895565576032133
2001-09-01,-0.6189753644036999,-0.15083104886802873,0.3182987244720109,0.6549531786192261
2001-09-02,0.7963450419510576,0.5409478629010143,0.05182199543930001,0.5823543113425991
2001-09-03,0.9297064586767891,-1.424194885880688,-1.41552439780045,-0.8948330939670709
2001-09-04,1.0693853246366352,-0.9084538380273938,0.45730667881191783,2.527267920900055
2001-09-05,-0.3163231620316389,0.7059717420520089,1.2052584249950011,-0.08747545207890811
2001-09-06,-0.15199836998848132,1.7243784864032667,-0.7148122915078627,-1.1031223204422482
2001-09-07,-0.47989390563272577,1.3242419452088459,-0.016048108339703913,1.8945719389748825
2001-09-08,0.011831518276959881,1.3743782538706588,1.1923413849223357,0.7619380023578367
2001-09-09,-0.9784520856878279,-1.344684074293478,1.2192028910783872,-0.10548029265642521
2001-09-10,-1.6270461546521935,-0.897386553853471,-0.41723435140300585,1.1130053024657103
2001-09-11,1.890990125319754,-1.3848279155038197,0.27702045654609747,1.1676232237560276
2001-09-12,-0.38673488630590774,-1.1621033306249575,2.2751951346133645,0.8344736675709508
2001-09-13,-0.105929044546318,0.3760007497480665,-0.100427717750932,-0.19588971471164845
2001-09-14,0.2232197942986354,0.13926477019053143,-0.5244891583945477,-0.15937609086744214
2001-09-15,-0.1931161517858323,-0.1595368383363361,2.0918371759652694,1.7240548666615414
2001-09-16,-0.04262280141624322,-0.5546750938177576,1.9899538689562932,-0.2549995052770759
2001-09-17,0.30770575527936755,1.2928372491695166,0.17386000936354026,-0.06005562790216466
2001-09-18,1.208390134473328,-1.429606443626099,-1.1424252480045143,0.1943031561152017
2001-09-19,-0.06897332610773256,-2.1453456891852123,-1.0229953045824476,-0.0577543392775691
2001-09-20,-0.3247976596362279,-0.5302258276319641,0.07737054358465073,0.09031473332854634
2001-09-21,-0.5023026832701896,-0.5041884312536701,-0.1845460606296176,1.6813760420185198
2001-09-22,-0.31607884758966553,-0.27287165885749537,0.1435879588497499,-1.5401195901738063
2001-09-23,1.4115017027338477,-0.14454773811696003,-1.4018237130681461,-0.019265759741055474
2001-09-24,0.5686786631755438,0.5621364133156161,1.8425894855034348,1.0359982087129045
2001-09-25,-1.5176172268354404,0.35457626957108357,-0.2652422298796113,-0.29119966273908277
2001-09-26,0.002851168851128138,-1.331139723754732,0.10135408809626884,0.8477523325192856
2001-09-27,-0.47580957908674526,0.11013444011043629,-0.18126521775098417,0.8087699626746095
2001-09-28,1.641747086094936,-0.3483310614732166,-0.48755492078775375,1.02395734687257
2001-09-29,-0.5655359804356214,0.3083197500332791,-1.0415410660127122,-0.04015560811601166
2001-09-30,-0.7314628741383612,0.3397919636716241,0.04315791501328902,0.5512753418219748
2001-10-01,1.6591370252075457,-0.9162818733324107,1.6478321480650937,-0.5380048192232861
2001-10-02,-1.4450714636197082,-0.013497435802853862,1.3652224081080155,-0.5072877949888595
2001-10-03,0.3780980086174743,0.527926594610461,-0.05673062003108682,-0.3041316084630232
2001-10-04,-0.936506344762173,-0.1667398710393779,1.8633764534562078,0.6557384744329201
2001-10-05,-0.5380526194953328,-0.9833528933976587,-2.352320411399187,1.0507713279382607
2001-10-06,-0.3368033108896353,0.27874614645730467,-0.32995829259200804,-0.8747918918148627
2001-10-07,0.9607545262469419,0.12026818543074783,1.3006783084011155,-1.1636786954866833
2001-10-08,1.594603708697262,0.20307851144226613,1.3359246005845964,0.8522250529636933
2001-10-09,-1.4235003884778346,-0.5597572932511101,-1.4062544282079168,-0.5158742552398519
2001-10-10,0.4643776559905436,0.6683374599790619,-0.2927903203250377,0.9829207056162499
2001-10-11,0.031062761178845738,-1.5891037872530382,0.6664563692335321,0.6551390983862841
2001-10-12,1.6104291826836028,-0.8878714957730358,0.5593215430120128,-0.7677797508779043
2001-10-13,-0.05441536773691692,0.2900223736426274,-0.8108629582908142,-3.276217250140282
2001-10-14,0.7595865268347067,-0.7694182570753922,-1.1462298430983262,0.31835639297475926
2001-10-15,0.16587480590653636,1.3102924642424842,0.9139284627655255,-1.1874402930779104
2001-10-16,-2.2325402251039357,-0.4319874077661597,-0.46059758588473454,2.135445717413251
2001-10-17,-0.723670073563233,-1.0637387918738792,-0.9561658745318504,-0.4768819051347272
2001-10-18,0.6058556549691027,0.2032052658522982,1.026025225742022,-0.8009338161978738
2001-10-19,2.0804562496973853,0.7412560276281314,0.20663737994437018,1.3837643095221273
2001-10-20,0.6187056895993408,0.2673627900140833,0.09852496914030646,-1.3011637301681584
2001-10-21,-0.677957754107869,0.6665525449049409,0.0565644895368821,-0.6433614366466526
2001-10-22,-0.8073001449709623,-2.171088066059706,1.4264843047956641,0.5847911366038832
2001-10-23,-1.048649527775005,0.14404447276132445,-0.28246196821685204,0.5336107738051157
2001-10-24,-1.419212804017012,1.4062543563983714,-0.6807215412438742,-0.5645679762254905
2001-10-25,-1.1917144220293934,0.10110938449406162,-0.1457015752346771,-0.2756401187527041
2001-10-26,-0.3608613099703249,-0.8182060953274845,-0.6810586491980699,0.17153393956993285
2001-10-27,-0.9166059904934226,-0.3743762637261124,-0.9682788988117476,-1.0059431363255353
2001-10-28,0.9639558593760963,-1.1173338768823688,0.4177122494419124,0.5518913818253108
2001-10-29,-0.5730957262503763,-0.7703234864736973,0.567942979887336,1.3543855222032604
2001-10-30,-1.3145064416606087,0.0694173062759277,-2.0915430162439645,1.0300383772292552
2001-10-31,1.978498236004484,0.5844074022245406,-0.9551105895365689,0.44259761033186634
2001-11-01,-0.32970442380080306,0.0934070210217679,0.031190138208237163,-0.6435948914509521
2001-11-02,-0.46575794461771947,0.15657967711811474,-1.1043189899257502,-1.3648660154610233
2001-11-03,0.8697377368800118,-0.4265455794941175,-1.8392091387489922,0.08062985718384387
2001-11-04,0.9138166136159027,-1.170062716489061,-0.4311406082859463,-0.41885846960733
2001-11-05,-1.2034062465972468,-0.2531440055454631,0.8246458440513206,-2.2337439832964687
2001-11-06,-0.5728907842940604,-1.383861111569903,-2.1604376375573793,-2.0015287905940053
2001-11-07,-0.25097586813264816,0.16731168630040072,0.21591296925005435,-0.4121002494846274
2001-11-08,-0.22082958564163407,2.411997550132933,-0.11559219349941578,-0.7205560075304389
2001-11-09,-0.8019162189088254,-0.11917491184512387,-0.037154395131102066,0.4181753271315139
2001-11-10,0.26183116781632415,-0.7241613465108954,1.2502823923649395,-0.22627353112650445
2001-11-11,-0.268305078543377,0.1958745093305717,1.3559209793890483,-2.809765254739426
2001-11-12,-0.45463749596702596,-0.35352614986456404,0.0917154252505942,0.8886778968617568
2001-11-13,-1.1195301105864661,-0.7505993459360049,0.19898009877053088,-0.6058544162647699
2001-11-14,0.37199557547683926,0.3819015706947948,1.030691009559088,0.43386575293685437
2001-11-15,0.10485430702820925,0.689289639410229,-0.6515892009266461,-0.4460029171977095
2001-11-16,0.38664533332711537,2.2431444676023036,-1.4694069838908732,0.33127046852649095
2001-11-17,-0.4886081695354796,-0.51099445227357,-0.16349573118631913,-0.3210613488140044
2001-11-18,-0.42643009818192207,1.7596129204307962,0.959137515323388,-0.5621990497405964
2001-11-19,-0.3991980275288462,-0.49175135930618663,0.23314094611524194,1.2448833083590196
2001-11-20,-0.7077572414516069,1.7809119237693287,-1.2229334900107807,-0.3918110882957039
2001-11-21,1.0079164244543557,0.5373783727525766,-0.2544683991630137,2.0191814513978685
2001-11-22,-0.8510160852624898,-1.1913796775945245,1.4391657002946505,-0.713521778027229
2001-11-23,-0.41495817793914636,0.908272046818417,1.6865260651824674,0.20564913247319014
2001-11-24,-2.234117885761222,1.4285974765446439,-1.890673737386275,0.14039903782599722
2001-11-25,-1.2244189675140618,-0.48610058715643245,0.2932400124377355,0.7097167051647747
2001-11-26,0.09143911456864416,-0.536953990483498,-0.1327208410906593,0.07211008941136456
2001-11-27,-0.9403776192560203,0.46608350376889257,-0.1592770642787373,0.5313001314315503
2001-11-28,-0.907783552914357,0.5094074916924788,0.26974270526554706,-0.6303528530088692
2001-11-29,-2.254168272566436,-0.7685515947221199,0.48156685447408293,0.4142497741160017
2001-11-30,-0.6215116190649517,0.7481298614953948,-0.02143143870021176,-0.6691602193997159
2001-12-01,-0.7763993962193234,1.4723922466720392,0.26693944480413334,0.5162388876796454
2001-12-02,0.2362442675756183,0.3457669505660201,-1.0164460628338496,0.13666262342428465
2001-12-03,1.6599636815812437,1.3760846588131181,0.13759621176064413,0.4032369630121412
2001-12-04,-0.2954371492844295,0.37200485529418953,-1.1352425009296048,-1.7149881514176706
2001-12-05,-1.2429968303184957,-1.0929001797915112,-0.380544144463356,-0.601459192287769
2001-12-06,-1.1384498404143846,-0.8209269050909681,-0.4293892930011688,-1.0362809157879491
2001-12-07,-0.63746633846905,0.2858549172174488,0.172233030523259,1.9773320722840277
2001-12-08,-0.2837599339690645,0.13094343237013653,-0.03850696593697718,1.3600953420085136
2001-12-09,-0.7623119949897424,-0.3002282370146919,0.541275614255482,-0.9145271992418796
2001-12-10,0.03641678652808761,1.1282140322433065,1.1928093009673708,-2.263073748110866
2001-12-11,-0.28358858266267256,0.11712116750526956,1.3507137161007385,-0.38223829185467056
2001-12-12,-0.4276945848896237,-0.22421231284517906,-0.9862888345753562,-1.1812097697239037
2001-12-13,-0.33913300601220236,-0.04100109819669848,0.14721927834636245,-0.42375459060402354
2001-12-14,0.4097420479761708,-0.1524117355829235,0.49321597290722413,2.0937454284340453
2001-12-15,0.34164354131264096,-1.5503123884330368,-0.5940816652458026,-0.2783588077589484
2001-12-16,0.1881834384118937,0.37791636781329474,0.66631329141717,1.9918801127644696
2001-12-17,1.2602378910520482,-0.0802635338362206,0.8553130854567327,-2.0712737616812205
2001-12-18,0.1940648105063992,2.650288655878747,-0.8413566342334284,-0.10529662803224146
2001-12-19,-0.7834541501512368,0.27998611912313254,-0.0635808906640691,0.8530639304275831
2001-12-20,1.2989908504569505,1.7786306392734532,-0.1699704667413152,1.8514569370427436
2001-12-21,0.4258358250457234,-0.23914764011205766,-0.6810762558557576,0.30783013282226435
2001-12-22,-1.0092060587214522,-0.30188386435619363,0.3713697787074715,0.549505209128428
2001-12-23,-0.25008796282355755,0.1539776499203024,-0.517075394649608,-0.5917212011288923
2001-12-24,0.8990158279098712,0.5940962384435295,-1.0049090414905195,-0.500324717584022
2001-12-25,0.4386061362514539,-1.0238212860229616,0.3757900027296836,-0.2694325316730557
2001-12-26,1.7753678909215027,0.5965420394124011,-0.3115075956888848,-0.6615588729010738
2001-12-27,0.31240780164752385,-0.19942914136301104,1.074243633092993,-0.05035639162446248
2001-12-28,0.34807675751523837,0.9976030553830049,-0.9310538485811148,-1.3647765220152102
2001-12-29,0.5316797060028244,0.9717137266309845,0.024110586792924472,-0.8352622248850776
2001-12-30,-0.026305552270187216,1.1568614964509365,1.642601049746841,-0.32101972583887206
2001-12-31,0.46568342430722437,0.13983503062373073,0.46720453456906125,-1.7432687181535689
2002-01-01,-0.9597810493861106,-1.3912870289122166,-0.7004224378177459,-0.4658374462264669
2002-01-02,-0.4291845570239518,-1.5801413544830631,2.15134915032605,-0.5042620237648269
2002-01-03,-0.2577652387467542,-0.3596623734236069,-0.6685318569097408,0.15862107664749173
2002-01-04,-0.9293339514290063,-1.0602619375592013,-0.7569873640843823,0.5465246047767205
2002-01-05,0.1470056721211013,2.203927858487457,0.7710923600425723,-0.6035745388339551
2002-01-06,1.300483923303338,0.572515219183778,0.6021467728309765,1.0229807069549488
2002-01-07,-0.5534963561977972,0.6416212370245361,0.35878083353868184,-0.5118464451224316
2002-01-08,0.9523542119057272,0.20729000718641255,-0.8668431743867651,-0.7246149573323583
2002-01-09,-0.6797796143298986,0.5930139485791232,0.5913038835720261,-1.516680976919529
2002-01-10,-1.1950307857015277,-0.4574632387010182,-1.459636478891841,-1.2381324680410803
2002-01-11,-0.5880117378875716,-1.4880984902174663,-0.3073322461608039,0.8684389371523542
2002-01-12,-2.1859692698735222,1.1344761588002448,-1.3340173957960246,-0.500466097975916
2002-01-13,-0.3933231539588433,-0.22253159679697423,-1.3210253319855498,0.21011141244358253
2002-01-14,-0.8928522332685591,-0.17311026897229811,0.22827097998783513,-0.13726258781024342
2002-01-15,0.42659544644367847,0.1860077290675824,2.056793001150139,1.086503844895983
2002-01-16,-0.8841278608871458,-0.827161825718053,-2.4204664927172157,1.625780308254675
2002-01-17,-1.1471742781375212,-0.40028930567868576,0.32936228265552675,-1.384107653311338
2002-01-18,-0.7432042066540996,-0.2873784288689402,-0.6732576463100209,-0.9949938768825225
2002-01-19,-2.5123995146009883,0.570008120083919,0.8421713610678542,1.4692184939356168
2002-01-20,0.100660357342946,0.9443774102894297,1.0932511246335048,0.9653374959418095
2002-01-21,-0.06692274691432028,0.14141593566065666,-0.7057945164262335,-1.152832983487271
2002-01-22,-0.15232651414300352,0.9523274326386492,1.218211323592937,-0.1166979022472375
2002-01-23,1.1756772483557305,-1.6585191262697123,-0.23784416171546444,0.13592418163811096
2002-01-24,-0.14528805043680806,-0.08842673403560944,0.4467759347335234,-0.06609950006815725
2002-01-25,-0.2850861006839087,0.30758288778532467,-0.03120561699211267,-0.001709158530763875
2002-01-26,-0.890594041106453,0.22821201881852693,0.6891787012587476,-1.0469787524690788
2002-01-27,-0.6111579148469368,-0.303535262985608,0.19349070793641399,0.4752488369633433
2002-01-28,1.0385202156565738,0.3141389847539593,-0.17524213146226644,-1.387442853617603
2002-01-29,1.0027871270804432,0.32076052828008156,1.078725547559261,-0.5488734218682568
2002-01-30,-0.6413870761146723,-0.10898182841734924,-0.6304253131594894,-0.6674774557196984
2002-01-31,0.14243782156969612,-0.2955671180618052,-1.304966020656056,0.5322448088543452
2002-02-01,0.6171653458757339,-0.054693613334138934,-0.9238291612537959,-1.155180232924774
2002-02-02,-0.23239445745358323,-0.445392716944684,1.7200850257817506,-0.40511486874261515
2002-02-03,2.1241438689632117,0.9195821066126247,0.2081444321365869,0.829966352085424
2002-02-04,0.8492279168426824,-0.0330426270682086,0.26919759106353486,-0.4356908432899962
2002-02-05,-0.0026364892704739684,-0.7028501791928555,1.4615983580675078,0.34486401623812246
2002-02-06,-0.7073920541192775,-0.30872970470189737,0.16334757154198074,1.0515069744564605
2002-02-07,0.36002151253917225,0.1734005722167344,-0.5056595913794675,0.9655539369581023
2002-02-08,-1.1355351321382836,-0.9033822793061378,0.2778779840870614,-1.060071141113682
2002-02-09,-1.3518899408172433,0.8120101081429524,-0.3326345070180062,0.4693581645741359
2002-02-10,-0.8523615566153829,-1.7543674037934525,-0.393901893514551,1.0688706467908822
2002-02-11,-0.30424528746011914,-1.2975123852239563,0.24686338317491854,1.2302054397808249
2002-02-12,0.027402449119743835,-0.4509602878225582,1.1744787390891371,-1.8255448223004405
2002-02-13,0.8154162288866935,1.2332480515289295,-0.26850841213964366,0.6761063814980555
2002-02-14,-0.6187168659805603,1.4562636778830615,1.4549633671822826,-0.08527406410222156
2002-02-15,-0.8473752307163129,0.5268210271936908,1.1117168798794177,0.6000774145711265
2002-02-16,-0.4506378676316514,-0.12480862039103188,-0.4331569330715688,0.3738902023978269
2002-02-17,-0.525479504925407,1.5157665762090882,0.316809850515646,1.6554881474341778
2002-02-18,0.20649167267703858,-0.3702135647407136,0.4403943337114688,-0.6353871704351661
2002-02-19,-0.5449291030123377,-0.6414352277780635,0.3517861434251242,-0.3511079682452814
2002-02-20,0.7393239320275602,0.34176801110740396,0.6529915124141765,-0.880125046176063
2002-02-21,-0.9929655541022608,0.7960864540401645,0.45155137460838923,-0.9866255693966867
2002-02-22,0.1507889224456387,0.31694048512863704,-0.8828573295023032,0.5579714478677213
2002-02-23,-0.09955198727362195,-0.1596400238087326,-1.0889898650188938,-0.16826461486428054
2002-02-24,-0.41386584273787536,0.7957239511044698,-0.1916830924822871,-1.1181703361926814
2002-02-25,-1.0283478044993886,0.23231729949633773,-1.3274746159083062,-2.006788639105982
2002-02-26,1.3762721665589888,-1.2270605057928319,1.3006823940159595,-0.2510201405952652
2002-02-27,-0.3162798233876528,-1.2952507774416333,-0.6433023217214828,-0.9095515009837224
2002-02-28,0.4516947572043959,-0.3191893272514093,-1.8189402336742142,-0.5210034732048002
2002-03-01,0.7366026387957331,-2.034287151717629,0.9217846089223671,0.2342202927853107
2002-03-02,-0.27477109821738493,-0.6387968207562319,-0.8925235880551844,-1.146786963433408
2002-03-03,-0.35326529336405516,-0.30378374742824826,0.21361233474471183,-2.2955720772735475
2002-03-04,-0.5045447161287364,-0.0652429776103009,-1.768108244235635,0.26146181423625514
2002-03-05,0.750358657052481,-1.224835887828921,-1.5074061986879475,-0.059944563806621685
2002-03-06,0.5270526879041074,-1.2328457499623704,0.5086912429858556,1.8079887826573788
2002-03-07,2.173024028296978,-0.4864995537298926,-1.288369239969142,0.054943762651230806
2002-03-08,0.7612919504981793,0.14525511107189756,-0.22631340996216773,0.212104713299396
2002-03-09,-1.457769174101821,0.1581580121881178,0.9391193628694344,1.247253815825605
2002-03-10,-1.355753155833183,-0.34602063883868,-0.5224772677705634,-0.5318343011038876
2002-03-11,-1.7284076115198463,0.5321896724240361,-0.2851159052462684,-1.050361444854407
2002-03-12,-0.835861942152184,1.5343387989333575,0.8736222911551664,0.5770477055604272
2002-03-13,0.81363430266959,-0.676724538099947,-0.016825776066485124,-0.5803266110507223
2002-03-14,1.6387936335233422,-0.7014000247709548,0.4383217227667405,0.3727137083419299
2002-03-15,-0.9952878148935472,-0.14106331959885732,-0.8221844425076371,-1.9848721369774833
2002-03-16,0.231761606182596,-0.44977653685649643,-0.17814267064416922,-0.23139786939455073
2002-03-17,-1.5017798906023494,-0.26412984166927866,0.7077732695988669,1.0160315108285851
2002-03-18,-0.5662081594797074,-1.5267165381523093,-0.4371483629532344,-0.30429313980328887
2002-03-19,1.1077810875867602,-2.376426571637465,-1.8989014053619635,0.6825795689849266
2002-03-20,0.2327556123552508,-2.1177192201564945,1.4258537605488473,0.5446082462735615
2002-03-21,-0.6314009061959686,-0.7402150180042844,0.39170511045800854,-1.1021873123896306
2002-03-22,0.558386031734375,0.7500872189282538,0.8189380576169742,-0.6824176460728982
2002-03-23,-1.2125313367811514,-1.4547519571137062,0.5446623187130948,2.016338646396178
2002-03-24,-1.337535800971428,0.8288484974123264,0.8198175350187087,-0.6053419726641549
2002-03-25,0.7260504204999235,-0.9200056009014935,0.7116374965446806,-1.0856969918510315
2002-03-26,0.17501072880001944,-0.13135933243193312,-1.8216584870396904,-0.000673115712815398
2002-03-27,-0.9388216338173494,-1.0620430223007393,-0.11270641495596982,-2.392622033533036
2002-03-28,-0.3007347942342451,-0.9718187934840573,0.10359678832520082,1.1453843130611177
2002-03-29,-0.22036884474128549,0.16055545514518255,0.18806255920594397,-1.1992763036741183
2002-03-30,-1.6236972667277711,-2.1302672108675167,1.5514695307761412,-2.4161029357148895
2002-03-31,0.9210564472276562,1.1944934450400786,1.062891406100809,0.7137235573949904
2002-04-01,-1.2852044091315313,-1.3666069559534646,-0.9346432358829515,-0.5828797829198066
2002-04-02,-0.07985025197994369,-0.6096184139575092,-0.6381418445392013,0.883681680605378
2002-04-03,-0.8239385039126323,-0.19662458512762604,-0.11812141281293792,0.8433527665394606
2002-04-04,-0.7091627502220941,0.29703173129252486,-0.5578035964904267,-0.7488408961512006
2002-04-05,-0.5125330643419868,1.1490474742349182,-1.5837630565970833,-0.13418999857793473
2002-04-06,0.6298435974884588,-1.139813242659733,-1.1294132976684865,-0.6075093975372132
2002-04-07,0.29277153012393603,-0.4656934934490176,-1.3480690274142024,-1.1615250231602894
2002-04-08,1.4053803816679433,0.2152174822608544,-1.7028093386478855,-0.6250674315392477
2002-04-09,0.03712022318908847,1.2996193907491838,-0.0595453546196221,-0.43790413621549995
2002-04-10,0.14221720189114712,-0.9814390365085793,-1.1439747971340348,1.8276658481908639
2002-04-11,1.175765741716713,-0.5143875804988356,0.44171082765016895,-0.6593516198071655
2002-04-12,0.26122461629678506,0.30150811478660805,-0.8143435452528673,2.1539319620839352
2002-04-13,-0.8741745193876836,0.8567271629892059,-0.9546952823577363,0.9200372862067401
2002-04-14,-0.28218567307306586,-1.2877773023521148,1.9099289974032543,0.6116079561598405
2002-04-15,2.077769206875618,-0.7085435297347316,0.1659200452548895,0.005421138740927843
2002-04-16,1.1517393100860382,0.25150262830150655,-0.5560611157800817,0.9687615463371316
2002-04-17,-0.5504795139218723,-0.8319774870941584,-0.7946701266085908,0.2663161427568549
2002-04-18,-1.9590213744459235,-0.7249442136097728,-0.020415363511239563,0.7622140236168162
2002-04-19,-0.7387586902983895,-0.6908042525332526,0.39588487987140186,0.11462182753269026
2002-04-20,0.4256127387916407,-0.462458388744525,1.4526821812298725,-0.4405940893257214
2002-04-21,-0.0889414137360767,-0.7524357409729203,-1.6111292720144161,0.6844886174525863
2002-04-22,-0.051494417699350654,1.4547838022242867,-0.11918372914167849,-1.3260088025662342
2002-04-23,0.20251537334793743,-0.4634326537533144,-0.7916247740980422,0.6136411208755458
2002-04-24,-0.3519872900071447,0.8256544481292994,0.06745166923559939,-0.4235640660724415
2002-04-25,0.1299726942993119,-0.646221042264,-3.100517936593494,1.0920220023375107
2002-04-26,-0.8350843446763008,-0.4174507701774318,0.6164519472264471,0.8981027856240382
2002-04-27,0.6657053967894728,0.339804755331803,0.6197909676962922,-0.8458874313870736
2002-04-28,0.07860122234698894,1.013978602159095,-1.207152214435451,-0.8672248670871557
2002-04-29,-1.022824956438275,-0.2671341338538594,0.18154007453639368,2.7917749231106708
2002-04-30,0.5245741279986473,0.09220068878685236,-1.5202332225831598,-0.5742627469550123
2002-05-01,0.8441175061449885,1.0133487166774349,0.4090440539244262,1.4361975081682974
2002-05-02,-0.6735428099666867,0.5715696156657308,0.09959144585180371,1.4206414904078435
2002-05-03,0.8187847148345678,0.6787168343475198,-1.6910792090046904,-0.6652497138813915
2002-05-04,-0.43961136373326143,0.07250059808569793,0.10959148105770658,-0.24333394986862195
2002-05-05,-0.3651908718227617,-0.775521575486783,-1.3366923738845815,0.6784441700782524
2002-05-06,1.9573394787679312,1.5294222495442356,1.0756572776364286,-0.24065605466241824
2002-05-07,-0.0762511759309941,0.0013941372697194806,-1.1859416923537465,1.4800360964009243
2002-05-08,1.0724016319872092,0.7774925484900924,0.877880835525179,-1.8166489089305642
2002-05-09,-0.7534081635163951,1.9045551699687397,-2.048139159962448,-1.140765873864974
2002-05-10,-1.154304314578064,0.6585127081269523,0.14758565652419903,1.3511449931170887
2002-05-11,0.6950888185874864,1.1310038094957162,-0.7019567760809168,-0.39837953256700825
2002-05-12,0.14677169613393748,0.19453254652940957,0.7367797575385263,0.1358790298691591
2002-05-13,-0.7472887832318132,0.1309239088370255,0.8122316954186674,0.3222127300669253
2002-05-14,0.44301162250273324,0.9317175372159593,0.264562151223449,0.7035493241317481
2002-05-15,1.1523430326838169,-0.04893935804031437,1.7709346991361172,-0.5486638348739289
2002-05-16,0.6217249275152188,0.33896841000928213,-1.199377337236388,0.4492052250104804
2002-05-17,0.4978924123660203,-1.452735889876919,-0.7055300187657488,-2.307124210418446
2002-05-18,-3.314397582003414,1.3131840957421004,0.20260790014578384,0.6060265126809408
2002-05-19,-1.6894554432096283,0.250980605717388,-0.3139224864692591,2.6749259528015
2002-05-20,0.6467669642124648,-1.101480615342087,0.5673771819752588,-0.489239253228316
2002-05-21,-1.604281697385686,-0.26225587206646805,-0.9662468648554773,1.4626710393071385
2002-05-22,1.5412230656089954,0.518095858953479,-0.3493862322377086,-0.29643450972512114
2002-05-23,-0.7637305064558892,-1.2177072564732692,0.27318601865071024,-0.3590030042834699
2002-05-24,0.4910954145506159,1.4702782976486677,0.6620180900190102,0.8414122063114178
2002-05-25,2.3244432407518674,1.3402934855542723,-0.9403485888844537,-2.3673273903753618
2002-05-26,1.48201514466817,1.3805460755443146,1.8467794118328293,-2.196280989203799
2002-05-27,-0.20222260023349092,-1.1374833058579141,1.1532471955833052,0.09690738646207224
2002-05-28,-1.2629602726114992,0.10992332045268169,0.4556690372513914,-0.22700953024831533
2002-05-29,-0.3600101395411689,1.0301176926894422,-0.8660315274213111,0.3158603646909011
2002-05-30,0.771758334281287,-0.24739702228450544,-0.8011055540447065,1.5831993437485157
2002-05-31,-1.6041297106651367,3.5556283093816785,0.2732872169380533,0.7763456068338608
2002-06-01,-0.03507865569845367,0.9983370988975573,-0.0904657133364541,-1.4648208674734136
2002-06-02,-0.3453632447516952,-0.7391514670555082,2.12416992932097,-0.29678005965410026
2002-06-03,1.252639817306306,-0.0541280352594876,0.10766145828736093,-0.02584339285966267
2002-06-04,0.2399358087671786,-0.5552259212490506,-2.715421730420371,0.6839604328704637
2002-06-05,-0.04794773362016941,-0.2498929708123072,0.7529758615537929,1.420009238105742
2002-06-06,-0.6330395267106723,0.9590460327256475,0.9686352701619468,-0.38996922191655276
2002-06-07,-1.8115367856357647,0.1881975510685249,-0.017210199237661677,-0.830269234608996
2002-06-08,-0.35925773732298405,1.1386832662377304,-0.5207806711087125,-1.8437481205897832
2002-06-09,-0.4561809869945313,-0.31581516292857714,1.163747269405178,-0.37315186080445584
2002-06-10,0.732801931423346,-0.3587713633516976,0.22114906916875904,0.06487665071783631
2002-06-11,0.6072404323581879,-0.3670537233304712,-0.4308648096439039,2.1121766220366895
2002-06-12,-0.41354946925306235,0.7815184488310352,-0.744668643351463,-0.06839437576581217
2002-06-13,1.9173724638761998,0.4894858412179089,1.6407826546205457,1.3379008295606545
2002-06-14,0.7562985394547759,1.0359466738421483,-1.1318504338898852,-0.1719583177511973
2002-06-15,-0.4929980089406563,-0.07231327866833061,2.4345392780005044,0.9588677189078415
2002-06-16,-0.2656151458342245,-0.3423173949581228,-0.6565750416147825,-1.0333185892481238
2002-06-17,0.25637668689087645,-0.6565509062954196,2.0845666286340485,-0.9777924721769574
2002-06-18,0.6198126194833072,1.160973625494062,2.1100523936453603,0.5902477266099038
2002-06-19,-1.6214178297128365,-0.3466644150713589,1.9404099693848844,0.13012470223530237
2002-06-20,-0.034208513557600115,-0.6645912381354425,-0.4573472551071487,1.4085635077273309
2002-06-21,-0.3289639282422302,-0.24073958903736978,-0.7755590754042514,-0.24524185164230666
2002-06-22,-1.3167974065530799,-0.26042242301871515,1.2755975061480753,0.13690995410452603
2002-06-23,-0.783845646394762,-0.010245659310746865,1.5585801516920608,-0.4543549421225846
2002-06-24,0.20683480101952545,0.37782660256640593,1.2736049510150682,-0.40173960378035234
2002-06-25,-0.009492849958900679,-0.8418652613814159,0.5113457523093823,-1.2266948411560394
2002-06-26,-0.03472151107302163,-0.8014629470474769,1.2729354904624917,-0.3900021091576772
2002-06-27,-0.15395140929825898,1.233883606143637,-0.14595927171463796,0.2842302790398669
2002-06-28,1.3593487903973671,0.5518862714925259,-0.4939851949700117,1.4783878097057699
2002-06-29,-0.04875449960612432,1.181120064062485,1.4956378884252297,-1.6508489016515884
2002-06-30,0.950259890818856,0.5925471963581913,-0.8993880461467868,-0.9057469091256669
2002-07-01,0.3445579445194964,-0.5313777398331171,-0.8375020840959203,-0.09559332391282646
2002-07-02,0.3725489033121701,2.2842705732125133,-0.084058541656387,-1.9569286003436877
2002-07-03,-0.6337346640841661,-0.35684878855457386,-0.8295917328824658,1.1882679352651604
2002-07-04,-0.24571014932464766,-0.6170519152178908,-0.7194042119332313,0.12053369363151929
2002-07-05,0.08845719454926589,1.9721036574589856,-1.8598743881376019,-0.661808010022258
2002-07-06,0.05931514478089265,-1.472083310698759,1.6187189191980837,-0.6876678050386363
2002-07-07,0.9789789937416324,0.6320498032000192,0.20269654431426504,0.2922939582457719
2002-07-08,1.2722467751817623,-0.28527016531504124,1.2671906502041677,-0.1645847104566204
2002-07-09,0.7609452301790506,0.9306019711160539,0.24063340769701408,0.131280598554328
2002-07-10,0.6498226498678864,-0.8820297986910375,0.271892384846762,-0.665298016875491
2002-07-11,0.3826332729003334,-0.5140233343580968,1.2844251801673452,-0.7609892645330679
2002-07-12,1.4282134504556,-1.8147571082230212,0.9902673108148217,0.12403508136070193
2002-07-13,0.8798539870965928,1.133662259729907,-0.40857009990022825,2.3054526440345167
2002-07-14,0.07256912569014842,-2.2082725369741842,0.7536594487227704,0.9236992023704444
2002-07-15,-1.5557302960092747,2.900135283353324,1.9260605138242806,0.6517301324739497
2002-07-16,-0.9552653520089573,-1.1521998388540182,0.9362375953007224,-1.640697915008722
2002-07-17,0.3857609011456828,-0.2394858689167449,-1.2724758192164278,0.33430066291013943
2002-07-18,0.28163631850876597,0.1824294025071934,0.275736989425618,0.8042190570829019
2002-07-19,-0.5808732691840995,-1.5707184466685402,-1.1169978767750832,-1.1580162174728441
2002-07-20,0.6462073126390844,0.5428039908332853,0.631684755182347,-2.1459502146564273
2002-07-21,0.8162990897981216,-0.8236576062839792,-0.37249748846990555,0.6324466219325648
2002-07-22,-0.3221145208752146,0.276949765377101,2.857346717527575,1.09264907706993
2002-07-23,0.9805398199429292,-0.7054681644825015,-1.1283034147842708,-0.022472257838452556
2002-07-24,1.3697916300730109,0.6104859701512524,-1.2217961296738364,0.34055319660672917
2002-07-25,-1.6225627722385774,0.6865905501975338,0.7136061969176094,-1.1238512439259898
2002-07-26,-1.270667871383785,0.8845403282428574,-0.3616041488937428,0.07534204755840178
2002-07-27,-1.4091449076890945,0.9095754917707654,-0.9957852134868058,0.8388596000435579
2002-07-28,0.583290800818706,-0.2553131185356113,-1.7380648028463135,-0.8959659009335704
2002-07-29,1.70045715350765,-0.9342262161097588,-0.4233739225168345,-0.7194564770545854
2002-07-30,1.8502397999783002,-0.13840470407103894,-0.967924039877075,-0.3323467157235365
2002-07-31,-1.5051444105004088,-1.2377461180910274,-0.8788349987300107,-0.6840032599541067
2002-08-01,-0.5086841399971475,-0.6995333772133658,0.9874038773732955,-0.5590913043530596
2002-08-02,0.23289066158688393,1.7365274967775994,-0.4833197589577968,0.673936233788203
2002-08-03,1.1740703578938232,0.1370434494905285,-0.36315064605185166,-1.1588733395784951
2002-08-04,0.4948464035861604,1.4328785315206503,-0.14859186959467957,0.5197032247092642
2002-08-05,-0.6076636423555792,0.41631927642771777,-1.8208835852642384,-0.13359466070488438
2002-08-06,-0.16555154465044525,-0.19973010811437447,-0.6574754547214239,0.6849621203540112
2002-08-07,-1.1942124314019198,-1.2613851090774757,2.492128620916351,-0.42845427019846516
2002-08-08,-0.9079457937531031,-0.3381338374391562,-0.6131859912796275,-0.3575171704928607
2002-08-09,0.6957396652399382,1.4768559676688402,0.47742185388753594,0.4437606786350934
2002-08-10,-1.3955558200722444,-1.335729240007658,0.8900097310931765,-0.11946439484436283
2002-08-11,-0.09076838182691911,-0.7423050120195945,0.30886416172220577,-0.3657367206223979
2002-08-12,-2.6603977377561447,1.3243778906454002,0.9906663184678132,-0.32767564694016144
2002-08-13,-0.694681992759852,-0.25110864050403325,-0.6256589590809658,0.07112918159844814
2002-08-14,0.019067076763084674,-0.6207527597854945,-0.052013422847417515,-0.36890429764949645
2002-08-15,1.0862360746801267,-0.5219378932028184,-0.013089665854083332,-1.402276096195294
2002-08-16,-1.3234647731037124,-0.15230028432200832,-1.0674385926887304,0.386203292754219
2002-08-17,0.3552577243498511,-0.7462520595727298,0.5056455437208677,-0.5736585990404018
2002-08-18,-1.9091454021305039,-2.025974361505391,0.8571238705130901,0.2149322620315376
2002-08-19,-1.3091977850715395,1.2044715471190455,0.25602073047503354,0.7870686944779557
2002-08-20,0.803694067525763,1.2275610805359396,0.3336455255835684,0.6558677907138345
2002-08-21,1.604024188111701,-1.9735524156745963,-0.41645458829003557,-1.5176459071064983
2002-08-22,0.869037283232349,-1.256773356590112,-1.5925030021113153,-0.1540194220727131
2002-08-23,-1.7768322534906396,-1.447223750383717,-1.0531256706632348,-0.08357851898180832
2002-08-24,0.5895015603185157,0.09082651007526282,-0.395869038506864,-0.35767787263884365
2002-08-25,-0.8241824288470293,-0.5208375202484498,-0.20785948574576846,1.8499210529569339
2002-08-26,-1.0095540460183852,-0.6906246745667949,-0.46580703650642,-2.1337201846608282
2002-08-27,1.2056445097938215,0.9008918774057115,1.163412572883075,0.49035757694412296
2002-08-28,0.16356210028130175,0.7166010620111368,0.17325667719073812,-0.25678633588848987
2002-08-29,-1.2008365981339766,-0.8001489136660762,0.8056327982029852,-1.1462475898451423
2002-08-30,0.8474691141253532,-0.9336960145821195,-0.10778362887483624,-1.3565789458294362
2002-08-31,0.4408983567279407,1.1788716619299322,0.3169097867037666,-0.4740561735398228
2002-09-01,-0.004105880429941449,-0.4681381282686017,-2.2633926227174412,-3.2982884469681815
2002-09-02,-0.502724174926429,-0.2714748236469978,-1.0876707770432081,-0.22740297018732594
2002-09-03,1.1141656077276987,1.3740927774714813,0.30476885621995964,0.2302023385374989
2002-09-04,1.0820130492508282,0.4239441298496868,1.3838215108523462,-0.9253986727071977
2002-09-05,-2.334869571051861,0.7636070775854095,-1.0226109678638642,-0.21103855082418768
2002-09-06,-1.2631721298970962,-0.03693899060359727,0.16387482191850417,1.394131725120955
2002-09-07,-0.5026196966975225,-1.4083790912259726,1.0956292232927398,-1.8063268160263155
2002-09-08,1.2825826411128034,0.6772819816033631,-0.32814261118944066,0.6477799640126751
2002-09-09,1.8713586519311158,-1.8184002928798573,1.0649680209266006,0.04627645413317439
2002-09-10,-0.38685426068840595,0.3327614161109164,-1.0268139347550285,0.4996880316861531
2002-09-11,-1.5721903339649164,0.14113403547335007,0.2814655613194397,0.8098625156795771
2002-09-12,0.8468746112772488,-0.41116124794720976,0.38508988047522125,1.6764035016676813
2002-09-13,-0.547263102004874,-0.6252234933519032,1.7199965705357805,-2.635416332110007
2002-09-14,-0.4448206434165918,-0.38139362613331984,1.2564147768261502,-1.3310249793641225
2002-09-15,-0.5526074541606771,0.2809748588856541,0.3997199155642617,0.817420966149273
2002-09-16,0.890753087021659,-0.35850572745669484,-1.5073764727991013,-0.702951303464277
2002-09-17,-0.6339149121538553,-1.5442400354310508,0.3977626019066779,-0.42466920762039695
2002-09-18,-1.03739436718095,-0.15373954666984105,-1.130127731381913,1.7312967949908562
2002-09-19,-2.5355449503062344,0.9930769860016782,-0.6894496683128849,0.645540826141988
2002-09-20,0.011783000373343771,0.3082542698409882,-1.2112323184531637,-0.8545755769450937
2002-09-21,0.671233575813796,-0.3032309225540842,1.7602401356007094,0.45030167959360373
2002-09-22,-1.588182532415344,0.7495202327684871,-0.1441666092812384,1.4544047035326388
2002-09-23,0.17406319141044932,1.9110621694156762,-0.9408301647168775,0.09410602264743352
2002-09-24,-0.28285993584184754,0.4211537573853142,0.041069768585794475,1.9573231238570108
2002-09-25,0.7807063018348552,-1.1102756189737168,0.42565315806745385,0.9370544108375248
2002-09-26,-0.33460461575094785,-0.2244037003573022,-0.214342281223566,1.728807880076089
